Repository Full Name,Passed Check Count,Failed Check Count,Passed Checks,Failed Checks,Check Date
openshift/installer,0,0,,,2023-12-07 16:52:00.937422
kubermatic/kubeone,62,76,AVD-AWS-0099;AVD-AWS-0099;AVD-AWS-0099;AVD-AWS-0124;AVD-AWS-0124;AVD-AWS-0124;AVD-AWS-0124;AVD-AWS-0124;AVD-AWS-0124;AVD-AWS-0107;AVD-AWS-0029;AVD-AWS-0029;AVD-AWS-0029;AVD-AWS-0029;AVD-AWS-0099;AVD-AWS-0099;AVD-AWS-0099;AVD-AWS-0124;AVD-AWS-0124;AVD-AWS-0124;AVD-AWS-0124;AVD-AWS-0124;AVD-AWS-0124;AVD-AWS-0107;AVD-AWS-0029;AVD-AWS-0029;AVD-AWS-0029;AVD-AWS-0029;AVD-AZU-0039;AVD-AZU-0039;AVD-AZU-0039;AVD-AZU-0037;AVD-AZU-0037;AVD-AZU-0037;AVD-AZU-0048;AVD-AZU-0048;AVD-AZU-0051;AVD-DIG-0002;AVD-DIG-0004;AVD-DIG-0004;AVD-DIG-0004;AVD-GCP-0037;AVD-GCP-0037;AVD-GCP-0037;AVD-GCP-0043;AVD-GCP-0043;AVD-GCP-0043;AVD-GCP-0036;AVD-GCP-0036;AVD-GCP-0036;AVD-GCP-0027;AVD-GCP-0027;AVD-GCP-0027;AVD-GCP-0032;AVD-GCP-0032;AVD-GCP-0032;AVD-OPNSTK-0001;AVD-OPNSTK-0001;AVD-OPNSTK-0001;AVD-OPNSTK-0001;AVD-OPNSTK-0005;AVD-OPNSTK-0003,AVD-AWS-0131;AVD-AWS-0131;AVD-AWS-0131;AVD-AWS-0131;AVD-AWS-0028;AVD-AWS-0028;AVD-AWS-0028;AVD-AWS-0028;AVD-AWS-0101;AVD-AWS-0104;AVD-AWS-0104;AVD-AWS-0107;AVD-AWS-0107;AVD-AWS-0107;AVD-AWS-0164;AVD-AWS-0164;AVD-AWS-0164;AVD-AWS-0178;AVD-AWS-0053;AVD-AWS-0057;AVD-AWS-0057;AVD-AWS-0057;AVD-AWS-0057;AVD-AWS-0131;AVD-AWS-0131;AVD-AWS-0131;AVD-AWS-0131;AVD-AWS-0028;AVD-AWS-0028;AVD-AWS-0028;AVD-AWS-0028;AVD-AWS-0104;AVD-AWS-0104;AVD-AWS-0104;AVD-AWS-0104;AVD-AWS-0107;AVD-AWS-0107;AVD-AWS-0107;AVD-AWS-0107;AVD-AWS-0107;AVD-AWS-0107;AVD-AWS-0164;AVD-AWS-0164;AVD-AWS-0164;AVD-AWS-0053;AVD-AWS-0057;AVD-AWS-0057;AVD-AWS-0057;AVD-AWS-0057;AVD-AZU-0047;AVD-AZU-0047;AVD-AZU-0050;AVD-GCP-0045;AVD-GCP-0045;AVD-GCP-0045;AVD-GCP-0041;AVD-GCP-0041;AVD-GCP-0041;AVD-GCP-0044;AVD-GCP-0044;AVD-GCP-0044;AVD-GCP-0030;AVD-GCP-0030;AVD-GCP-0030;AVD-GCP-0027;AVD-GCP-0027;AVD-GCP-0027;AVD-GCP-0031;AVD-GCP-0031;AVD-GCP-0031;AVD-GCP-0033;AVD-GCP-0033;AVD-GCP-0033;AVD-OPNSTK-0003;AVD-OPNSTK-0003;AVD-OPNSTK-0003,2023-12-07 16:52:05.976489
Azure/terraform-azurerm-caf-enterprise-scale,0,0,,,2023-12-07 16:52:13.649560
Azure/terraform,145,105,AVD-AZU-0037;AVD-AZU-0037;AVD-AZU-0037;AVD-AZU-0037;AVD-AZU-0048;AVD-AZU-0051;AVD-AZU-0050;AVD-AZU-0008;AVD-AZU-0037;AVD-AZU-0037;AVD-AZU-0048;AVD-AZU-0051;AVD-AZU-0050;AVD-AZU-0012;AVD-AZU-0008;AVD-AZU-0011;AVD-AZU-0008;AVD-AZU-0051;AVD-AZU-0047;AVD-AZU-0008;AVD-AZU-0008;AVD-AZU-0008;AVD-AZU-0039;AVD-AZU-0037;AVD-AZU-0048;AVD-AZU-0051;AVD-AZU-0008;AVD-AZU-0002;AVD-AZU-0006;AVD-AZU-0006;AVD-AZU-0006;AVD-AZU-0037;AVD-AZU-0051;AVD-AZU-0050;AVD-AZU-0050;AVD-AZU-0008;AVD-AZU-0042;AVD-AZU-0042;AVD-AZU-0040;AVD-AZU-0042;AVD-AZU-0042;AVD-AZU-0038;AVD-AZU-0039;AVD-AZU-0037;AVD-AZU-0016;AVD-AZU-0008;AVD-AZU-0011;AVD-AZU-0008;AVD-AZU-0008;AVD-AZU-0007;AVD-AZU-0037;AVD-AZU-0013;AVD-AZU-0048;AVD-AZU-0048;AVD-AZU-0048;AVD-AZU-0048;AVD-AZU-0048;AVD-AZU-0048;AVD-AZU-0051;AVD-AZU-0051;AVD-AZU-0051;AVD-AZU-0047;AVD-AZU-0047;AVD-AZU-0047;AVD-AZU-0050;AVD-AZU-0050;AVD-AZU-0050;AVD-AZU-0050;AVD-AZU-0050;AVD-AZU-0050;AVD-AZU-0010;AVD-AZU-0012;AVD-AZU-0008;AVD-AZU-0051;AVD-AZU-0037;AVD-AZU-0051;AVD-AZU-0050;AVD-AZU-0012;AVD-AZU-0008;AVD-AZU-0034;AVD-AZU-0039;AVD-AZU-0037;AVD-AZU-0016;AVD-AZU-0016;AVD-AZU-0037;AVD-AZU-0039;AVD-AZU-0037;AVD-AZU-0006;AVD-AZU-0006;AVD-AZU-0013;AVD-AZU-0048;AVD-AZU-0048;AVD-AZU-0051;AVD-AZU-0051;AVD-AZU-0047;AVD-AZU-0047;AVD-AZU-0050;AVD-AZU-0050;AVD-AZU-0010;AVD-AZU-0012;AVD-AZU-0008;AVD-AZU-0040;AVD-AZU-0042;AVD-AZU-0051;AVD-AZU-0051;AVD-AZU-0051;AVD-AZU-0047;AVD-AZU-0047;AVD-AZU-0047;AVD-AZU-0037;AVD-AZU-0037;AVD-AZU-0037;AVD-AZU-0037;AVD-AZU-0037;AVD-AZU-0048;AVD-AZU-0051;AVD-AZU-0037;AVD-AZU-0013;AVD-AZU-0048;AVD-AZU-0048;AVD-AZU-0048;AVD-AZU-0048;AVD-AZU-0048;AVD-AZU-0048;AVD-AZU-0051;AVD-AZU-0051;AVD-AZU-0051;AVD-AZU-0051;AVD-AZU-0047;AVD-AZU-0047;AVD-AZU-0047;AVD-AZU-0047;AVD-AZU-0050;AVD-AZU-0050;AVD-AZU-0050;AVD-AZU-0050;AVD-AZU-0050;AVD-AZU-0050;AVD-AZU-0010;AVD-AZU-0012;AVD-AZU-0008;AVD-AZU-0008;AVD-AZU-0008;AVD-AZU-0008;AVD-AZU-0008,AVD-AZU-0047;AVD-AZU-0011;AVD-AZU-0047;AVD-AZU-0010;AVD-AZU-0016;AVD-AZU-0013;AVD-AZU-0011;AVD-AZU-0011;AVD-AZU-0011;AVD-AZU-0011;AVD-AZU-0034;AVD-AZU-0047;AVD-AZU-0050;AVD-AZU-0011;AVD-AZU-0003;AVD-AZU-0005;AVD-AZU-0001;AVD-AZU-0002;AVD-AZU-0003;AVD-AZU-0005;AVD-AZU-0001;AVD-AZU-0002;AVD-AZU-0003;AVD-AZU-0005;AVD-AZU-0001;AVD-AZU-0048;AVD-AZU-0047;AVD-AZU-0047;AVD-AZU-0011;AVD-AZU-0043;AVD-AZU-0041;AVD-AZU-0040;AVD-AZU-0043;AVD-AZU-0041;AVD-AZU-0040;AVD-AZU-0043;AVD-AZU-0041;AVD-AZU-0043;AVD-AZU-0041;AVD-AZU-0040;AVD-AZU-0014;AVD-AZU-0013;AVD-AZU-0015;AVD-AZU-0017;AVD-AZU-0016;AVD-AZU-0013;AVD-AZU-0011;AVD-AZU-0011;AVD-AZU-0043;AVD-AZU-0041;AVD-AZU-0040;AVD-AZU-0042;AVD-AZU-0043;AVD-AZU-0041;AVD-AZU-0040;AVD-AZU-0042;AVD-AZU-0016;AVD-AZU-0011;AVD-AZU-0048;AVD-AZU-0047;AVD-AZU-0050;AVD-AZU-0048;AVD-AZU-0047;AVD-AZU-0010;AVD-AZU-0011;AVD-AZU-0014;AVD-AZU-0013;AVD-AZU-0014;AVD-AZU-0013;AVD-AZU-0039;AVD-AZU-0002;AVD-AZU-0003;AVD-AZU-0005;AVD-AZU-0001;AVD-AZU-0002;AVD-AZU-0003;AVD-AZU-0005;AVD-AZU-0001;AVD-AZU-0020;AVD-AZU-0022;AVD-AZU-0026;AVD-AZU-0016;AVD-AZU-0011;AVD-AZU-0043;AVD-AZU-0041;AVD-AZU-0043;AVD-AZU-0040;AVD-AZU-0042;AVD-AZU-0039;AVD-AZU-0039;AVD-AZU-0039;AVD-AZU-0039;AVD-AZU-0039;AVD-AZU-0047;AVD-AZU-0050;AVD-AZU-0016;AVD-AZU-0011;AVD-AZU-0016;AVD-AZU-0013;AVD-AZU-0011;AVD-AZU-0011;AVD-AZU-0016;AVD-AZU-0013;AVD-AZU-0011;AVD-AZU-0011,2023-12-07 16:52:17.007517
aztfmod/terraform-azurerm-caf,0,0,,,2023-12-07 16:52:21.461399
lynnlangit/learning-cloud,8,8,AVD-AZU-0037;AVD-AZU-0008;AVD-AZU-0007;AVD-GCP-0037;AVD-GCP-0044;AVD-GCP-0043;AVD-GCP-0036;AVD-GCP-0032,AVD-AZU-0039;AVD-AZU-0009;AVD-AZU-0011;AVD-GCP-0045;AVD-GCP-0041;AVD-GCP-0030;AVD-GCP-0031;AVD-GCP-0033,2023-12-07 16:52:26.920253
ned1313/terraform-tuesdays,80,50,AVD-AZU-0039;AVD-AZU-0039;AVD-AZU-0037;AVD-AZU-0037;AVD-AZU-0020;AVD-AZU-0026;AVD-AZU-0013;AVD-AZU-0048;AVD-AZU-0048;AVD-AZU-0048;AVD-AZU-0048;AVD-AZU-0048;AVD-AZU-0048;AVD-AZU-0051;AVD-AZU-0051;AVD-AZU-0051;AVD-AZU-0051;AVD-AZU-0051;AVD-AZU-0051;AVD-AZU-0047;AVD-AZU-0047;AVD-AZU-0050;AVD-AZU-0050;AVD-AZU-0050;AVD-AZU-0050;AVD-AZU-0050;AVD-AZU-0050;AVD-AZU-0039;AVD-AZU-0039;AVD-AZU-0039;AVD-AZU-0039;AVD-AZU-0037;AVD-AZU-0037;AVD-AZU-0037;AVD-AZU-0037;AVD-AZU-0048;AVD-AZU-0048;AVD-AZU-0048;AVD-AZU-0048;AVD-AZU-0051;AVD-AZU-0051;AVD-AZU-0050;AVD-AZU-0050;AVD-AWS-0099;AVD-AWS-0124;AVD-AWS-0029;AVD-AWS-0164;AVD-AWS-0164;AVD-AWS-0164;AVD-AWS-0129;AVD-AWS-0129;AVD-AWS-0129;AVD-AWS-0129;AVD-AWS-0129;AVD-GCP-0008;AVD-GCP-0008;AVD-GCP-0008;AVD-GCP-0009;AVD-GCP-0009;AVD-GCP-0009;AVD-GCP-0007;AVD-GCP-0006;AVD-GCP-0011;AVD-GCP-0003;AVD-GCP-0003;AVD-GCP-0003;AVD-GCP-0003;AVD-GCP-0002;AVD-GCP-0001;AVD-GCP-0006;AVD-GCP-0006;AVD-GCP-0011;AVD-GCP-0011;AVD-GCP-0003;AVD-GCP-0003;AVD-GCP-0026;AVD-AWS-0164;AVD-AWS-0029;AVD-AZU-0039;AVD-AZU-0037,AVD-AZU-0022;AVD-AZU-0021;AVD-AZU-0024;AVD-AZU-0019;AVD-AZU-0014;AVD-AZU-0014;AVD-AZU-0014;AVD-AZU-0016;AVD-AZU-0047;AVD-AZU-0047;AVD-AZU-0047;AVD-AZU-0047;AVD-AWS-0178;AVD-AZU-0047;AVD-AZU-0047;AVD-AZU-0050;AVD-AZU-0050;AVD-AWS-0124;AVD-AWS-0131;AVD-AWS-0028;AVD-AWS-0104;AVD-AWS-0107;AVD-AWS-0164;AVD-AWS-0164;AVD-AWS-0178;AVD-AWS-0130;AVD-AWS-0130;AVD-AWS-0130;AVD-AWS-0130;AVD-AWS-0130;AVD-AWS-0164;AVD-AWS-0178;AVD-GCP-0029;AVD-GCP-0066;AVD-GCP-0029;AVD-GCP-0027;AVD-GCP-0027;AVD-GCP-0027;AVD-GCP-0027;AVD-GCP-0027;AVD-GCP-0024;AVD-GCP-0015;AVD-AWS-0099;AVD-AWS-0124;AVD-AWS-0124;AVD-AWS-0131;AVD-AWS-0028;AVD-AWS-0104;AVD-AWS-0107;AVD-AWS-0178,2023-12-07 16:52:36.728726
HoussemDellai/terraform-course,20,56,AVD-AZU-0006;AVD-AZU-0027;AVD-AZU-0008;AVD-AZU-0039;AVD-AZU-0037;AVD-AZU-0048;AVD-AZU-0051;AVD-AZU-0008;AVD-AZU-0042;AVD-AZU-0042;AVD-AZU-0042;AVD-AZU-0037;AVD-AZU-0008;AVD-AZU-0012;AVD-AZU-0012;AVD-AZU-0008;AVD-AZU-0006;AVD-AZU-0008;AVD-AZU-0008;AVD-AZU-0008,AVD-AZU-0002;AVD-AZU-0003;AVD-AZU-0005;AVD-AZU-0001;AVD-AZU-0022;AVD-AZU-0025;AVD-AZU-0026;AVD-AZU-0011;AVD-AZU-0047;AVD-AZU-0050;AVD-AZU-0011;AVD-AZU-0043;AVD-AZU-0041;AVD-AZU-0040;AVD-AZU-0042;AVD-AZU-0043;AVD-AZU-0041;AVD-AZU-0040;AVD-AZU-0042;AVD-AZU-0043;AVD-AZU-0041;AVD-AZU-0040;AVD-AZU-0043;AVD-AZU-0041;AVD-AZU-0040;AVD-AZU-0043;AVD-AZU-0041;AVD-AZU-0040;AVD-AZU-0015;AVD-AZU-0017;AVD-AZU-0016;AVD-AZU-0013;AVD-AZU-0015;AVD-AZU-0017;AVD-AZU-0016;AVD-AZU-0013;AVD-AZU-0007;AVD-AZU-0011;AVD-AZU-0010;AVD-AZU-0010;AVD-AZU-0011;AVD-AZU-0002;AVD-AZU-0003;AVD-AZU-0005;AVD-AZU-0001;AVD-AZU-0027;AVD-AZU-0022;AVD-AZU-0026;AVD-AZU-0043;AVD-AZU-0041;AVD-AZU-0040;AVD-AZU-0042;AVD-AZU-0038;AVD-AZU-0011;AVD-AZU-0011;AVD-AZU-0011,2023-12-07 16:52:55.654096
Azure/Mission-Critical-Online,9,23,AVD-AZU-0008;AVD-AZU-0011;AVD-AZU-0008;AVD-AZU-0008;AVD-AZU-0008;AVD-AZU-0008;AVD-AZU-0008;AVD-AZU-0008;AVD-AZU-0008,AVD-AZU-0015;AVD-AZU-0017;AVD-AZU-0016;AVD-AZU-0013;AVD-AZU-0011;AVD-AZU-0015;AVD-AZU-0015;AVD-AZU-0015;AVD-AZU-0015;AVD-AZU-0015;AVD-AZU-0017;AVD-AZU-0017;AVD-AZU-0017;AVD-AZU-0017;AVD-AZU-0017;AVD-AZU-0016;AVD-AZU-0013;AVD-AZU-0011;AVD-AZU-0011;AVD-AZU-0011;AVD-AZU-0011;AVD-AZU-0011;AVD-AZU-0011,2023-12-07 16:53:02.303668
Azure/avdaccelerator,10,0,AVD-AZU-0030;AVD-AZU-0030;AVD-AZU-0030;AVD-AZU-0030;AVD-AZU-0030;AVD-AZU-0030;AVD-AZU-0030;AVD-AZU-0030;AVD-AZU-0030;AVD-AZU-0030,,2023-12-07 16:53:21.002062
microsoft/AzureTRE,38,26,AVD-AZU-0048;AVD-AZU-0048;AVD-AZU-0048;AVD-AZU-0048;AVD-AZU-0048;AVD-AZU-0048;AVD-AZU-0051;AVD-AZU-0051;AVD-AZU-0051;AVD-AZU-0047;AVD-AZU-0047;AVD-AZU-0047;AVD-AZU-0050;AVD-AZU-0050;AVD-AZU-0050;AVD-AZU-0050;AVD-AZU-0050;AVD-AZU-0050;AVD-AZU-0010;AVD-AZU-0010;AVD-AZU-0010;AVD-AZU-0010;AVD-AZU-0010;AVD-AZU-0012;AVD-AZU-0012;AVD-AZU-0012;AVD-AZU-0012;AVD-AZU-0012;AVD-AZU-0008;AVD-AZU-0008;AVD-AZU-0008;AVD-AZU-0008;AVD-AZU-0008;AVD-AZU-0008;AVD-AZU-0008;AVD-AZU-0008;AVD-AZU-0008;AVD-AZU-0008,AVD-AZU-0015;AVD-AZU-0015;AVD-AZU-0015;AVD-AZU-0015;AVD-AZU-0015;AVD-AZU-0015;AVD-AZU-0015;AVD-AZU-0017;AVD-AZU-0017;AVD-AZU-0017;AVD-AZU-0017;AVD-AZU-0017;AVD-AZU-0017;AVD-AZU-0017;AVD-AZU-0016;AVD-AZU-0013;AVD-AZU-0011;AVD-AZU-0011;AVD-AZU-0011;AVD-AZU-0011;AVD-AZU-0011;AVD-AZU-0011;AVD-AZU-0011;AVD-AZU-0011;AVD-AZU-0011;AVD-AZU-0011,2023-12-07 16:53:28.960985
ComputeCanada/magic_castle,40,34,AVD-AWS-0099;AVD-AWS-0104;AVD-AWS-0107;AVD-AWS-0107;AVD-AWS-0107;AVD-AWS-0107;AVD-AWS-0107;AVD-AWS-0107;AVD-AWS-0107;AVD-AWS-0107;AVD-AWS-0107;AVD-AWS-0107;AVD-AWS-0107;AVD-AWS-0107;AVD-AWS-0107;AVD-AZU-0048;AVD-AZU-0048;AVD-AZU-0048;AVD-AZU-0048;AVD-AZU-0048;AVD-AZU-0048;AVD-AZU-0048;AVD-AZU-0048;AVD-AZU-0048;AVD-AZU-0048;AVD-AZU-0048;AVD-AZU-0048;AVD-AZU-0051;AVD-AZU-0050;AVD-AZU-0050;AVD-AZU-0050;AVD-AZU-0050;AVD-AZU-0050;AVD-AZU-0050;AVD-AZU-0050;AVD-AZU-0050;AVD-AZU-0050;AVD-AZU-0050;AVD-AZU-0050;AVD-AZU-0050,AVD-AWS-0099;AVD-AWS-0099;AVD-AWS-0124;AVD-AWS-0124;AVD-AWS-0124;AVD-AWS-0124;AVD-AWS-0124;AVD-AWS-0124;AVD-AWS-0124;AVD-AWS-0124;AVD-AWS-0124;AVD-AWS-0124;AVD-AWS-0124;AVD-AWS-0124;AVD-AWS-0124;AVD-AWS-0124;AVD-AWS-0124;AVD-AWS-0104;AVD-AWS-0164;AVD-AWS-0178;AVD-AZU-0047;AVD-AZU-0047;AVD-AZU-0047;AVD-AZU-0047;AVD-AZU-0047;AVD-AZU-0047;AVD-AZU-0047;AVD-AZU-0047;AVD-AZU-0047;AVD-AZU-0047;AVD-AZU-0047;AVD-AZU-0047;AVD-GCP-0029;AVD-GCP-0027,2023-12-07 16:53:31.702467
Azure-Samples/media-services-video-indexer,1,1,AVD-AZU-0008,AVD-AZU-0011,2023-12-07 16:53:40.730613
Azure/FTALive-Sessions,7,4,AVD-AZU-0037;AVD-AZU-0013;AVD-AZU-0051;AVD-AZU-0050;AVD-AZU-0010;AVD-AZU-0012;AVD-AZU-0008,AVD-AZU-0016;AVD-AZU-0048;AVD-AZU-0047;AVD-AZU-0011,2023-12-07 16:54:09.680580
hashicorp/hashicat-azure,7,5,AVD-AZU-0037;AVD-AZU-0048;AVD-AZU-0048;AVD-AZU-0048;AVD-AZU-0051;AVD-AZU-0050;AVD-AZU-0050,AVD-AZU-0039;AVD-AZU-0047;AVD-AZU-0047;AVD-AZU-0047;AVD-AZU-0050,2023-12-07 16:54:11.885063
confluentinc/terraform-provider-confluent,12,6,AVD-GCP-0035;AVD-GCP-0012;AVD-GCP-0035;AVD-GCP-0012;AVD-AWS-0099;AVD-AWS-0107;AVD-AWS-0107;AVD-AWS-0107;AVD-AWS-0099;AVD-AWS-0107;AVD-AWS-0107;AVD-AWS-0107,AVD-AWS-0124;AVD-AWS-0124;AVD-AWS-0124;AVD-AWS-0124;AVD-AWS-0124;AVD-AWS-0124,2023-12-07 16:54:15.027887
sassoftware/viya4-iac-azure,21,1,AVD-AZU-0039;AVD-AZU-0039;AVD-AZU-0038;AVD-AZU-0038;AVD-AZU-0038;AVD-AZU-0038;AVD-AZU-0037;AVD-AZU-0037;AVD-AZU-0043;AVD-AZU-0041;AVD-AZU-0042;AVD-AZU-0048;AVD-AZU-0048;AVD-AZU-0051;AVD-AZU-0051;AVD-AZU-0051;AVD-AZU-0047;AVD-AZU-0047;AVD-AZU-0047;AVD-AZU-0050;AVD-AZU-0050,AVD-AZU-0040,2023-12-07 16:54:17.353084
jakewalsh90/Terraform-Azure,98,57,AVD-AZU-0038;AVD-AZU-0037;AVD-AZU-0048;AVD-AZU-0051;AVD-AZU-0047;AVD-AZU-0050;AVD-AZU-0037;AVD-AZU-0048;AVD-AZU-0051;AVD-AZU-0047;AVD-AZU-0050;AVD-AZU-0048;AVD-AZU-0051;AVD-AZU-0047;AVD-AZU-0050;AVD-AZU-0038;AVD-AZU-0037;AVD-AZU-0048;AVD-AZU-0051;AVD-AZU-0047;AVD-AZU-0050;AVD-AZU-0038;AVD-AZU-0038;AVD-AZU-0037;AVD-AZU-0037;AVD-AZU-0048;AVD-AZU-0048;AVD-AZU-0051;AVD-AZU-0051;AVD-AZU-0047;AVD-AZU-0047;AVD-AZU-0050;AVD-AZU-0050;AVD-AZU-0048;AVD-AZU-0048;AVD-AZU-0051;AVD-AZU-0047;AVD-AZU-0050;AVD-AZU-0050;AVD-AZU-0037;AVD-AZU-0037;AVD-AZU-0037;AVD-AZU-0037;AVD-AZU-0051;AVD-AZU-0051;AVD-AZU-0047;AVD-AZU-0047;AVD-AZU-0038;AVD-AZU-0038;AVD-AZU-0037;AVD-AZU-0037;AVD-AZU-0048;AVD-AZU-0048;AVD-AZU-0051;AVD-AZU-0051;AVD-AZU-0047;AVD-AZU-0047;AVD-AZU-0050;AVD-AZU-0050;AVD-AZU-0038;AVD-AZU-0037;AVD-AZU-0048;AVD-AZU-0051;AVD-AZU-0047;AVD-AZU-0050;AVD-AZU-0038;AVD-AZU-0037;AVD-AZU-0015;AVD-AZU-0017;AVD-AZU-0048;AVD-AZU-0048;AVD-AZU-0051;AVD-AZU-0051;AVD-AZU-0047;AVD-AZU-0047;AVD-AZU-0050;AVD-AZU-0050;AVD-AZU-0038;AVD-AZU-0037;AVD-AZU-0037;AVD-AZU-0048;AVD-AZU-0048;AVD-AZU-0051;AVD-AZU-0047;AVD-AZU-0050;AVD-AZU-0050;AVD-AZU-0038;AVD-AZU-0037;AVD-AZU-0048;AVD-AZU-0051;AVD-AZU-0050;AVD-AZU-0050;AVD-AZU-0037;AVD-AZU-0037;AVD-AZU-0051;AVD-AZU-0051;AVD-AZU-0050;AVD-AZU-0050,AVD-AZU-0015;AVD-AZU-0017;AVD-AZU-0016;AVD-AZU-0013;AVD-AZU-0039;AVD-AZU-0015;AVD-AZU-0017;AVD-AZU-0016;AVD-AZU-0013;AVD-AZU-0015;AVD-AZU-0017;AVD-AZU-0016;AVD-AZU-0013;AVD-AZU-0015;AVD-AZU-0017;AVD-AZU-0016;AVD-AZU-0013;AVD-AZU-0015;AVD-AZU-0017;AVD-AZU-0016;AVD-AZU-0013;AVD-AZU-0015;AVD-AZU-0017;AVD-AZU-0016;AVD-AZU-0013;AVD-AZU-0015;AVD-AZU-0017;AVD-AZU-0016;AVD-AZU-0013;AVD-AZU-0015;AVD-AZU-0017;AVD-AZU-0016;AVD-AZU-0013;AVD-AZU-0016;AVD-AZU-0013;AVD-AZU-0039;AVD-AZU-0015;AVD-AZU-0015;AVD-AZU-0017;AVD-AZU-0017;AVD-AZU-0016;AVD-AZU-0013;AVD-AZU-0015;AVD-AZU-0017;AVD-AZU-0016;AVD-AZU-0013;AVD-AZU-0048;AVD-AZU-0047;AVD-AZU-0047;AVD-AZU-0015;AVD-AZU-0017;AVD-AZU-0016;AVD-AZU-0013;AVD-AZU-0048;AVD-AZU-0048;AVD-AZU-0047;AVD-AZU-0047,2023-12-07 16:54:20.518695
hashicorp/terraform-azurerm-terraform-enterprise,19,2,AVD-AZU-0048;AVD-AZU-0048;AVD-AZU-0048;AVD-AZU-0048;AVD-AZU-0048;AVD-AZU-0048;AVD-AZU-0048;AVD-AZU-0051;AVD-AZU-0051;AVD-AZU-0047;AVD-AZU-0050;AVD-AZU-0050;AVD-AZU-0050;AVD-AZU-0050;AVD-AZU-0050;AVD-AZU-0050;AVD-AZU-0050;AVD-AZU-0008;AVD-AZU-0007,AVD-AZU-0047;AVD-AZU-0011,2023-12-07 16:54:22.993098
Azure/NoOpsAccelerator,52,0,AVD-AZU-0039;AVD-AZU-0039;AVD-AZU-0038;AVD-AZU-0038;AVD-AZU-0038;AVD-AZU-0037;AVD-AZU-0037;AVD-AZU-0037;AVD-AZU-0048;AVD-AZU-0048;AVD-AZU-0048;AVD-AZU-0048;AVD-AZU-0051;AVD-AZU-0051;AVD-AZU-0051;AVD-AZU-0051;AVD-AZU-0051;AVD-AZU-0047;AVD-AZU-0047;AVD-AZU-0047;AVD-AZU-0047;AVD-AZU-0047;AVD-AZU-0050;AVD-AZU-0050;AVD-AZU-0050;AVD-AZU-0050;AVD-AZU-0010;AVD-AZU-0010;AVD-AZU-0010;AVD-AZU-0010;AVD-AZU-0010;AVD-AZU-0010;AVD-AZU-0012;AVD-AZU-0012;AVD-AZU-0012;AVD-AZU-0012;AVD-AZU-0012;AVD-AZU-0012;AVD-AZU-0008;AVD-AZU-0008;AVD-AZU-0008;AVD-AZU-0008;AVD-AZU-0008;AVD-AZU-0008;AVD-AZU-0008;AVD-AZU-0011;AVD-AZU-0011;AVD-AZU-0011;AVD-AZU-0011;AVD-AZU-0011;AVD-AZU-0011;AVD-AZU-0011,,2023-12-07 16:54:29.288335
Azure/terraform-azurerm-loadbalancer,0,0,,,2023-12-07 16:54:31.436821
PaloAltoNetworks/terraform-azurerm-vmseries-modules,46,0,AVD-AZU-0008;AVD-AZU-0011;AVD-AZU-0039;AVD-AZU-0038;AVD-AZU-0038;AVD-AZU-0037;AVD-AZU-0048;AVD-AZU-0051;AVD-AZU-0047;AVD-AZU-0050;AVD-AZU-0008;AVD-AZU-0011;AVD-AZU-0048;AVD-AZU-0051;AVD-AZU-0047;AVD-AZU-0050;AVD-AZU-0008;AVD-AZU-0011;AVD-AZU-0048;AVD-AZU-0051;AVD-AZU-0047;AVD-AZU-0050;AVD-AZU-0008;AVD-AZU-0011;AVD-AZU-0039;AVD-AZU-0037;AVD-AZU-0048;AVD-AZU-0051;AVD-AZU-0047;AVD-AZU-0050;AVD-AZU-0008;AVD-AZU-0011;AVD-AZU-0048;AVD-AZU-0051;AVD-AZU-0047;AVD-AZU-0050;AVD-AZU-0008;AVD-AZU-0011;AVD-AZU-0008;AVD-AZU-0011;AVD-AZU-0039;AVD-AZU-0037;AVD-AZU-0039;AVD-AZU-0037;AVD-AZU-0039;AVD-AZU-0037,,2023-12-07 16:54:35.124928
40net-cloud/fortinet-azure-solutions,0,0,,,2023-12-07 16:54:50.833727
CDCgov/prime-simplereport,37,19,AVD-AZU-0008;AVD-AZU-0011;AVD-AZU-0008;AVD-AZU-0007;AVD-AZU-0011;AVD-AZU-0008;AVD-AZU-0007;AVD-AZU-0011;AVD-AZU-0008;AVD-AZU-0007;AVD-AZU-0011;AVD-AZU-0008;AVD-AZU-0007;AVD-AZU-0011;AVD-AZU-0008;AVD-AZU-0007;AVD-AZU-0011;AVD-AZU-0008;AVD-AZU-0007;AVD-AZU-0011;AVD-AZU-0008;AVD-AZU-0007;AVD-AZU-0011;AVD-AZU-0016;AVD-AZU-0007;AVD-AZU-0008;AVD-AZU-0011;AVD-AZU-0008;AVD-AZU-0007;AVD-AZU-0011;AVD-AZU-0008;AVD-AZU-0011;AVD-AZU-0008;AVD-AZU-0007;AVD-AZU-0011;AVD-AZU-0008;AVD-AZU-0011,AVD-AZU-0009;AVD-AZU-0009;AVD-AZU-0009;AVD-AZU-0009;AVD-AZU-0009;AVD-AZU-0009;AVD-AZU-0009;AVD-AZU-0014;AVD-AZU-0014;AVD-AZU-0014;AVD-AZU-0014;AVD-AZU-0014;AVD-AZU-0014;AVD-AZU-0014;AVD-AZU-0016;AVD-AZU-0013;AVD-AZU-0013;AVD-AZU-0009;AVD-AZU-0009,2023-12-07 16:55:14.472990
mrsimonemms/gitpod-self-hosted,8,3,AVD-AZU-0039;AVD-AZU-0039;AVD-AZU-0037;AVD-AZU-0037;AVD-AZU-0020;AVD-AZU-0026;AVD-AZU-0048;AVD-AZU-0051,AVD-AZU-0022;AVD-AZU-0047;AVD-AZU-0050,2023-12-07 16:55:16.515806
microsoft/planetary-computer-hub,26,16,AVD-AZU-0040;AVD-AZU-0042;AVD-AZU-0048;AVD-AZU-0051;AVD-AZU-0050;AVD-AZU-0040;AVD-AZU-0042;AVD-AZU-0048;AVD-AZU-0051;AVD-AZU-0050;AVD-AZU-0040;AVD-AZU-0042;AVD-AZU-0048;AVD-AZU-0051;AVD-AZU-0050;AVD-AZU-0008;AVD-AZU-0040;AVD-AZU-0042;AVD-AZU-0048;AVD-AZU-0051;AVD-AZU-0050;AVD-AZU-0040;AVD-AZU-0042;AVD-AZU-0048;AVD-AZU-0051;AVD-AZU-0050,AVD-AZU-0043;AVD-AZU-0041;AVD-AZU-0047;AVD-AZU-0043;AVD-AZU-0041;AVD-AZU-0047;AVD-AZU-0043;AVD-AZU-0041;AVD-AZU-0047;AVD-AZU-0011;AVD-AZU-0043;AVD-AZU-0041;AVD-AZU-0047;AVD-AZU-0043;AVD-AZU-0041;AVD-AZU-0047,2023-12-07 16:55:18.756762
databricks/terraform-databricks-examples,115,107,AVD-AZU-0051;AVD-AZU-0047;AVD-AZU-0008;AVD-AZU-0008;AVD-AZU-0027;AVD-AZU-0051;AVD-AZU-0047;AVD-AZU-0008;AVD-AZU-0039;AVD-AZU-0038;AVD-AZU-0037;AVD-AZU-0048;AVD-AZU-0051;AVD-AZU-0051;AVD-AZU-0047;AVD-AZU-0051;AVD-AZU-0047;AVD-AZU-0037;AVD-AZU-0048;AVD-AZU-0051;AVD-AZU-0051;AVD-AZU-0047;AVD-AZU-0047;AVD-AZU-0050;AVD-AZU-0039;AVD-AZU-0037;AVD-AZU-0051;AVD-AZU-0047;AVD-AZU-0008;AVD-AZU-0039;AVD-AZU-0038;AVD-AZU-0037;AVD-AZU-0048;AVD-AZU-0048;AVD-AZU-0051;AVD-AZU-0047;AVD-AWS-0099;AVD-AWS-0107;AVD-AWS-0164;AVD-AWS-0164;AVD-AWS-0091;AVD-AWS-0092;AVD-AWS-0094;AVD-AWS-0099;AVD-AWS-0124;AVD-AWS-0124;AVD-AWS-0124;AVD-AWS-0124;AVD-AWS-0104;AVD-AWS-0104;AVD-AWS-0104;AVD-AWS-0104;AVD-AWS-0104;AVD-AWS-0104;AVD-AWS-0107;AVD-AWS-0107;AVD-AWS-0107;AVD-AWS-0107;AVD-AWS-0107;AVD-AWS-0107;AVD-AWS-0164;AVD-AWS-0164;AVD-AWS-0164;AVD-AWS-0164;AVD-AWS-0164;AVD-AWS-0057;AVD-AWS-0057;AVD-AWS-0057;AVD-AWS-0057;AVD-AWS-0057;AVD-AWS-0057;AVD-AWS-0057;AVD-AWS-0057;AVD-AWS-0057;AVD-AWS-0057;AVD-AWS-0057;AVD-AWS-0057;AVD-AWS-0057;AVD-AWS-0057;AVD-AWS-0057;AVD-AWS-0057;AVD-AWS-0057;AVD-AWS-0057;AVD-AWS-0091;AVD-AWS-0091;AVD-AWS-0092;AVD-AWS-0092;AVD-AWS-0092;AVD-AWS-0094;AVD-AWS-0094;AVD-AWS-0057;AVD-AWS-0057;AVD-AWS-0057;AVD-AWS-0057;AVD-AWS-0057;AVD-AWS-0057;AVD-AWS-0057;AVD-AWS-0057;AVD-AWS-0057;AVD-AWS-0057;AVD-AWS-0057;AVD-AWS-0057;AVD-AWS-0057;AVD-AWS-0086;AVD-AWS-0087;AVD-AWS-0091;AVD-AWS-0091;AVD-AWS-0092;AVD-AWS-0092;AVD-AWS-0093;AVD-AWS-0094;AVD-AWS-0094;AVD-AWS-0088;AVD-AWS-0090;AVD-AWS-0092,AVD-AZU-0011;AVD-AZU-0011;AVD-AZU-0022;AVD-AZU-0025;AVD-AZU-0026;AVD-AZU-0015;AVD-AZU-0015;AVD-AZU-0015;AVD-AZU-0017;AVD-AZU-0017;AVD-AZU-0017;AVD-AZU-0016;AVD-AZU-0013;AVD-AZU-0011;AVD-AZU-0047;AVD-AZU-0050;AVD-AZU-0007;AVD-AZU-0011;AVD-AZU-0051;AVD-AZU-0047;AVD-AZU-0047;AVD-AZU-0050;AVD-AWS-0124;AVD-AWS-0124;AVD-AWS-0104;AVD-AWS-0164;AVD-AWS-0178;AVD-AWS-0086;AVD-AWS-0087;AVD-AWS-0088;AVD-AWS-0089;AVD-AWS-0090;AVD-AWS-0132;AVD-AWS-0093;AVD-AWS-0099;AVD-AWS-0124;AVD-AWS-0124;AVD-AWS-0124;AVD-AWS-0124;AVD-AWS-0124;AVD-AWS-0124;AVD-AWS-0124;AVD-AWS-0124;AVD-AWS-0124;AVD-AWS-0124;AVD-AWS-0124;AVD-AWS-0124;AVD-AWS-0124;AVD-AWS-0124;AVD-AWS-0104;AVD-AWS-0104;AVD-AWS-0104;AVD-AWS-0104;AVD-AWS-0104;AVD-AWS-0104;AVD-AWS-0164;AVD-AWS-0178;AVD-AWS-0065;AVD-AWS-0065;AVD-AWS-0086;AVD-AWS-0086;AVD-AWS-0086;AVD-AWS-0087;AVD-AWS-0087;AVD-AWS-0087;AVD-AWS-0088;AVD-AWS-0088;AVD-AWS-0088;AVD-AWS-0089;AVD-AWS-0089;AVD-AWS-0089;AVD-AWS-0090;AVD-AWS-0090;AVD-AWS-0090;AVD-AWS-0132;AVD-AWS-0132;AVD-AWS-0132;AVD-AWS-0091;AVD-AWS-0093;AVD-AWS-0093;AVD-AWS-0093;AVD-AWS-0094;AVD-AWS-0057;AVD-AWS-0086;AVD-AWS-0087;AVD-AWS-0088;AVD-AWS-0088;AVD-AWS-0089;AVD-AWS-0089;AVD-AWS-0090;AVD-AWS-0090;AVD-AWS-0132;AVD-AWS-0132;AVD-AWS-0093;AVD-AWS-0023;AVD-AWS-0023;AVD-AWS-0024;AVD-AWS-0024;AVD-AWS-0025;AVD-AWS-0025;AVD-AWS-0086;AVD-AWS-0087;AVD-AWS-0089;AVD-AWS-0132;AVD-AWS-0091;AVD-AWS-0093;AVD-AWS-0094,2023-12-07 16:55:23.323906
MangoInstantMessenger/MangoMessengerAPI,1,27,AVD-AZU-0008,AVD-AZU-0027;AVD-AZU-0022;AVD-AZU-0026;AVD-AZU-0015;AVD-AZU-0015;AVD-AZU-0015;AVD-AZU-0015;AVD-AZU-0015;AVD-AZU-0015;AVD-AZU-0015;AVD-AZU-0015;AVD-AZU-0015;AVD-AZU-0015;AVD-AZU-0017;AVD-AZU-0017;AVD-AZU-0017;AVD-AZU-0017;AVD-AZU-0017;AVD-AZU-0017;AVD-AZU-0017;AVD-AZU-0017;AVD-AZU-0017;AVD-AZU-0017;AVD-AZU-0016;AVD-AZU-0013;AVD-AZU-0007;AVD-AZU-0011,2023-12-07 16:55:27.980497
asean-rssa/tf_azure_deployment,31,20,AVD-AZU-0039;AVD-AZU-0037;AVD-AZU-0051;AVD-AZU-0047;AVD-AZU-0008;AVD-AZU-0051;AVD-AZU-0047;AVD-AZU-0008;AVD-AZU-0008;AVD-AZU-0027;AVD-AZU-0051;AVD-AZU-0047;AVD-AZU-0008;AVD-AZU-0051;AVD-AZU-0047;AVD-AZU-0037;AVD-AZU-0048;AVD-AZU-0051;AVD-AZU-0051;AVD-AZU-0047;AVD-AZU-0047;AVD-AZU-0050;AVD-AZU-0051;AVD-AZU-0047;AVD-AZU-0008;AVD-AZU-0008;AVD-AZU-0039;AVD-AZU-0037;AVD-AZU-0051;AVD-AZU-0047;AVD-AZU-0008,AVD-AZU-0007;AVD-AZU-0011;AVD-AZU-0011;AVD-AZU-0011;AVD-AZU-0022;AVD-AZU-0025;AVD-AZU-0026;AVD-AZU-0015;AVD-AZU-0015;AVD-AZU-0015;AVD-AZU-0017;AVD-AZU-0017;AVD-AZU-0017;AVD-AZU-0016;AVD-AZU-0013;AVD-AZU-0011;AVD-AZU-0011;AVD-AZU-0011;AVD-AZU-0007;AVD-AZU-0011,2023-12-07 16:55:38.287584
DFE-Digital/apply-for-teacher-training,0,0,,,2023-12-07 16:56:10.592930
Azure/terraform-azurerm-postgresql,3,3,AVD-AZU-0020;AVD-AZU-0022;AVD-AZU-0026,AVD-AZU-0021;AVD-AZU-0024;AVD-AZU-0019,2023-12-07 16:56:12.726260
hashicorp/vault-plugin-secrets-azure,0,0,,,2023-12-07 16:56:16.018469
equinor/radix-platform,0,0,,,2023-12-07 16:56:19.488915
Azure/azure-data-labs-modules,20,6,AVD-AZU-0043;AVD-AZU-0042;AVD-AZU-0016;AVD-AZU-0013;AVD-AZU-0020;AVD-AZU-0022;AVD-AZU-0051;AVD-AZU-0047;AVD-AZU-0048;AVD-AZU-0051;AVD-AZU-0047;AVD-AZU-0050;AVD-AZU-0026;AVD-AZU-0010;AVD-AZU-0012;AVD-AZU-0008;AVD-AZU-0011;AVD-AZU-0037;AVD-AZU-0051;AVD-AZU-0050,AVD-AZU-0041;AVD-AZU-0040;AVD-AZU-0027;AVD-AZU-0022;AVD-AZU-0048;AVD-AZU-0047,2023-12-07 16:56:22.280450
dfds/infrastructure-modules,71,20,AVD-AWS-0099;AVD-AWS-0099;AVD-AWS-0124;AVD-AWS-0124;AVD-AWS-0124;AVD-AWS-0124;AVD-AWS-0124;AVD-AWS-0124;AVD-AWS-0124;AVD-AWS-0107;AVD-AWS-0107;AVD-AWS-0107;AVD-AWS-0107;AVD-AWS-0164;AVD-AWS-0164;AVD-AWS-0164;AVD-AWS-0088;AVD-AWS-0091;AVD-AWS-0092;AVD-AWS-0099;AVD-AWS-0124;AVD-AWS-0177;AVD-AWS-0077;AVD-AWS-0099;AVD-AWS-0124;AVD-AWS-0077;AVD-AWS-0124;AVD-AWS-0124;AVD-AWS-0164;AVD-AWS-0164;AVD-AWS-0164;AVD-AWS-0029;AVD-AWS-0014;AVD-AWS-0016;AVD-AWS-0088;AVD-AWS-0092;AVD-AWS-0088;AVD-AWS-0057;AVD-AWS-0057;AVD-AWS-0057;AVD-AWS-0057;AVD-AWS-0057;AVD-AWS-0057;AVD-AWS-0057;AVD-AWS-0057;AVD-AWS-0057;AVD-AWS-0057;AVD-AWS-0057;AVD-AWS-0057;AVD-AWS-0057;AVD-AWS-0057;AVD-AWS-0057;AVD-AWS-0057;AVD-AWS-0057;AVD-AWS-0057;AVD-AWS-0057;AVD-AWS-0057;AVD-AWS-0057;AVD-AWS-0057;AVD-AWS-0057;AVD-AWS-0057;AVD-AWS-0057;AVD-AWS-0057;AVD-AWS-0086;AVD-AWS-0087;AVD-AWS-0088;AVD-AWS-0090;AVD-AWS-0091;AVD-AWS-0092;AVD-AWS-0093;AVD-AWS-0094,AVD-AWS-0176;AVD-AWS-0180;AVD-AWS-0177;AVD-AWS-0176;AVD-AWS-0133;AVD-AWS-0180;AVD-AWS-0107;AVD-AWS-0107;AVD-AWS-0178;AVD-AWS-0162;AVD-AWS-0143;AVD-AWS-0143;AVD-AWS-0091;AVD-AWS-0091;AVD-AWS-0092;AVD-AWS-0057;AVD-AWS-0057;AVD-AWS-0057;AVD-AWS-0057;AVD-AWS-0132,2023-12-07 16:56:40.302629
adamrushuk/devops-lab,11,3,AVD-AZU-0043;AVD-AZU-0042;AVD-AZU-0043;AVD-AZU-0040;AVD-AZU-0042;AVD-AZU-0008;AVD-AZU-0008;AVD-AZU-0007;AVD-AZU-0007;AVD-AZU-0011;AVD-AZU-0011,AVD-AZU-0041;AVD-AZU-0040;AVD-AZU-0041,2023-12-07 16:56:43.057890
Pwd9000-ML/Azure-Terraform-Deployments,2,2,AVD-AZU-0008;AVD-AZU-0011,AVD-AZU-0016;AVD-AZU-0013,2023-12-07 16:56:45.381774
sergelogvinov/terraform-talos,9,0,AVD-GCP-0006;AVD-GCP-0006;AVD-GCP-0006;AVD-GCP-0011;AVD-GCP-0011;AVD-GCP-0011;AVD-GCP-0003;AVD-GCP-0003;AVD-GCP-0003,,2023-12-07 16:56:47.648699
claranet/terraform-azurerm-app-gateway,0,0,,,2023-12-07 16:56:51.507623
Azure-Samples/container-apps-azapi-terraform,1,3,AVD-AZU-0008,AVD-AZU-0010;AVD-AZU-0012;AVD-AZU-0011,2023-12-07 16:56:53.543171
recognizegroup/terraform,19,7,AVD-AZU-0010;AVD-AZU-0012;AVD-AZU-0008;AVD-AZU-0011;AVD-AZU-0022;AVD-AZU-0026;AVD-AZU-0020;AVD-AZU-0022;AVD-AZU-0026;AVD-AZU-0051;AVD-AZU-0047;AVD-AZU-0012;AVD-AZU-0008;AVD-AZU-0011;AVD-AZU-0008;AVD-AZU-0011;AVD-AZU-0007;AVD-AZU-0008;AVD-AZU-0037,AVD-AZU-0035;AVD-AZU-0016;AVD-AZU-0013;AVD-AZU-0027;AVD-AZU-0010;AVD-AZU-0011;AVD-AZU-0034,2023-12-07 16:56:56.600611
geekzter/azure-pipeline-agents,26,12,AVD-AZU-0048;AVD-AZU-0048;AVD-AZU-0048;AVD-AZU-0048;AVD-AZU-0048;AVD-AZU-0048;AVD-AZU-0051;AVD-AZU-0051;AVD-AZU-0051;AVD-AZU-0051;AVD-AZU-0051;AVD-AZU-0047;AVD-AZU-0047;AVD-AZU-0047;AVD-AZU-0047;AVD-AZU-0047;AVD-AZU-0050;AVD-AZU-0050;AVD-AZU-0050;AVD-AZU-0050;AVD-AZU-0050;AVD-AZU-0050;AVD-AZU-0012;AVD-AZU-0008;AVD-AZU-0008;AVD-AZU-0008,AVD-AZU-0015;AVD-AZU-0015;AVD-AZU-0015;AVD-AZU-0017;AVD-AZU-0017;AVD-AZU-0017;AVD-AZU-0016;AVD-AZU-0013;AVD-AZU-0010;AVD-AZU-0011;AVD-AZU-0011;AVD-AZU-0011,2023-12-07 16:56:59.180702
echo-webkom/echo-web,4,4,AVD-AZU-0008;AVD-AZU-0008;AVD-AZU-0008;AVD-AZU-0008,AVD-AZU-0011;AVD-AZU-0011;AVD-AZU-0011;AVD-AZU-0011,2023-12-07 16:57:05.063428
hashicorp/vault-plugin-auth-azure,6,0,AVD-AZU-0039;AVD-AZU-0037;AVD-AZU-0048;AVD-AZU-0051;AVD-AZU-0047;AVD-AZU-0050,,2023-12-07 16:57:10.382211
PacktPublishing/Terraform-Cookbook-Second-Edition,26,29,AVD-AZU-0006;AVD-AZU-0037;AVD-AZU-0048;AVD-AZU-0051;AVD-AZU-0006;AVD-AZU-0051;AVD-AZU-0047;AVD-AZU-0008;AVD-AZU-0011;AVD-AZU-0008;AVD-AZU-0037;AVD-AZU-0006;AVD-AWS-0029;AVD-AWS-0029;AVD-GCP-0037;AVD-GCP-0044;AVD-GCP-0043;AVD-GCP-0036;AVD-GCP-0031;AVD-GCP-0032;AVD-GCP-0037;AVD-GCP-0044;AVD-GCP-0043;AVD-GCP-0036;AVD-GCP-0031;AVD-GCP-0032,AVD-AZU-0002;AVD-AZU-0003;AVD-AZU-0005;AVD-AZU-0001;AVD-AZU-0039;AVD-AZU-0047;AVD-AZU-0050;AVD-AZU-0002;AVD-AZU-0003;AVD-AZU-0005;AVD-AZU-0001;AVD-AZU-0011;AVD-AZU-0039;AVD-AZU-0002;AVD-AZU-0003;AVD-AZU-0005;AVD-AZU-0001;AVD-AWS-0131;AVD-AWS-0028;AVD-AWS-0131;AVD-AWS-0028;AVD-GCP-0045;AVD-GCP-0041;AVD-GCP-0030;AVD-GCP-0033;AVD-GCP-0045;AVD-GCP-0041;AVD-GCP-0030;AVD-GCP-0033,2023-12-07 16:57:13.262446
jmc265/personal-cloud,10,11,AVD-AZU-0008;AVD-AZU-0008;AVD-AZU-0007;AVD-AZU-0007;AVD-AZU-0007;AVD-GCP-0037;AVD-GCP-0037;AVD-GCP-0044;AVD-GCP-0036;AVD-GCP-0032,AVD-AZU-0011;AVD-AZU-0011;AVD-GCP-0034;AVD-GCP-0045;AVD-GCP-0041;AVD-GCP-0043;AVD-GCP-0030;AVD-GCP-0027;AVD-GCP-0027;AVD-GCP-0031;AVD-GCP-0033,2023-12-07 16:57:15.261571
e2eSolutionArchitect/terraform,2,3,AVD-AWS-0099;AVD-AWS-0124,AVD-AWS-0124;AVD-AWS-0104;AVD-AWS-0107,2023-12-07 16:57:17.551274
PacketFabric/terraform-provider-packetfabric,0,0,,,2023-12-07 16:57:20.872363
MontiCore/montithings,5,3,AVD-AZU-0039;AVD-AZU-0037;AVD-AZU-0048;AVD-AZU-0051;AVD-AZU-0008,AVD-AZU-0047;AVD-AZU-0050;AVD-AZU-0011,2023-12-07 16:57:25.720206
Azure/aks-baseline-windows,12,2,AVD-AZU-0037;AVD-AZU-0037;AVD-AZU-0051;AVD-AZU-0047;AVD-AZU-0051;AVD-AZU-0047;AVD-AZU-0013;AVD-AZU-0043;AVD-AZU-0040;AVD-AZU-0042;AVD-AZU-0040;AVD-AZU-0042,AVD-AZU-0016;AVD-AZU-0043,2023-12-07 16:57:34.297584
Azure/aks-app-routing-operator,1,5,AVD-AZU-0043,AVD-AZU-0041;AVD-AZU-0040;AVD-AZU-0042;AVD-AZU-0016;AVD-AZU-0013,2023-12-07 16:57:37.281460
brave/security-action,2,4,AVD-AWS-0099;AVD-AWS-0124,AVD-AWS-0107;AVD-AWS-0107;AVD-AWS-0178;AVD-AZU-0038,2023-12-07 16:57:41.279205
nimbix/jarvice-helm,0,0,,,2023-12-07 16:57:46.815841
dirien/quick-bites,1,16,AVD-AZU-0008,AVD-AWS-0086;AVD-AWS-0087;AVD-AWS-0088;AVD-AWS-0089;AVD-AWS-0090;AVD-AWS-0132;AVD-AWS-0091;AVD-AWS-0092;AVD-AWS-0093;AVD-AWS-0094;AVD-AZU-0010;AVD-AZU-0012;AVD-AZU-0007;AVD-AZU-0011;AVD-GCP-0066;AVD-GCP-0002,2023-12-07 16:57:51.029691
Anthony-Nolan/Atlas,13,11,AVD-AZU-0008;AVD-AZU-0008;AVD-AZU-0008;AVD-AZU-0008;AVD-AZU-0007;AVD-AZU-0007;AVD-AZU-0007;AVD-AZU-0007;AVD-AZU-0007;AVD-AZU-0007;AVD-AZU-0007;AVD-AZU-0007;AVD-AZU-0008,AVD-AZU-0027;AVD-AZU-0022;AVD-AZU-0026;AVD-AZU-0011;AVD-AZU-0011;AVD-AZU-0011;AVD-AZU-0011;AVD-AZU-0027;AVD-AZU-0022;AVD-AZU-0026;AVD-AZU-0011,2023-12-07 16:58:03.636402
jkroepke/homelab,23,50,AVD-AWS-0131;AVD-AWS-0131;AVD-AWS-0107;AVD-AWS-0107;AVD-AWS-0029;AVD-AWS-0029;AVD-AWS-0047;AVD-AWS-0047;AVD-AWS-0047;AVD-AWS-0047;AVD-AWS-0057;AVD-AWS-0057;AVD-AWS-0057;AVD-AWS-0057;AVD-AWS-0057;AVD-AWS-0057;AVD-AWS-0057;AVD-AWS-0057;AVD-AWS-0057;AVD-AWS-0057;AVD-AWS-0057;AVD-AWS-0057;AVD-AWS-0067,AVD-AWS-0099;AVD-AWS-0099;AVD-AWS-0124;AVD-AWS-0124;AVD-AWS-0124;AVD-AWS-0124;AVD-AWS-0124;AVD-AWS-0124;AVD-AWS-0124;AVD-AWS-0124;AVD-AWS-0124;AVD-AWS-0124;AVD-AWS-0124;AVD-AWS-0124;AVD-AWS-0124;AVD-AWS-0124;AVD-AWS-0028;AVD-AWS-0028;AVD-AWS-0104;AVD-AWS-0104;AVD-AWS-0104;AVD-AWS-0104;AVD-AWS-0104;AVD-AWS-0104;AVD-AWS-0104;AVD-AWS-0104;AVD-AWS-0107;AVD-AWS-0107;AVD-AWS-0107;AVD-AWS-0107;AVD-AWS-0107;AVD-AWS-0107;AVD-AWS-0107;AVD-AWS-0107;AVD-AWS-0107;AVD-AWS-0107;AVD-AWS-0107;AVD-AWS-0107;AVD-AWS-0178;AVD-AWS-0017;AVD-AWS-0099;AVD-AWS-0124;AVD-AWS-0124;AVD-AWS-0104;AVD-AWS-0107;AVD-AWS-0053;AVD-AWS-0057;AVD-AWS-0057;AVD-AWS-0057;AVD-AWS-0066,2023-12-07 16:58:07.845074
claranet/terraform-azurerm-function-app,0,0,,,2023-12-07 16:58:10.920019
tetrateio/tetrate-service-bridge-sandbox,0,0,,,2023-12-07 16:58:13.423693
GTRekter/Training,7,20,AVD-AZU-0006;AVD-AZU-0006;AVD-AZU-0006;AVD-AZU-0006;AVD-AZU-0006;AVD-AZU-0037;AVD-AZU-0037,AVD-AZU-0002;AVD-AZU-0002;AVD-AZU-0002;AVD-AZU-0002;AVD-AZU-0002;AVD-AZU-0003;AVD-AZU-0003;AVD-AZU-0003;AVD-AZU-0003;AVD-AZU-0003;AVD-AZU-0005;AVD-AZU-0005;AVD-AZU-0005;AVD-AZU-0005;AVD-AZU-0005;AVD-AZU-0001;AVD-AZU-0001;AVD-AZU-0001;AVD-AZU-0001;AVD-AZU-0001,2023-12-07 16:58:21.973619
kashw2/Fleet-of-the-Faithful-Knights,9,9,AVD-AZU-0005;AVD-AZU-0005;AVD-AZU-0005;AVD-AZU-0006;AVD-AZU-0006;AVD-AZU-0006;AVD-AZU-0008;AVD-AZU-0007;AVD-AZU-0011,AVD-AZU-0002;AVD-AZU-0002;AVD-AZU-0002;AVD-AZU-0003;AVD-AZU-0003;AVD-AZU-0003;AVD-AZU-0001;AVD-AZU-0001;AVD-AZU-0001,2023-12-07 16:58:26.212707
pekalam/auctionhouse,18,10,AVD-AZU-0039;AVD-AZU-0039;AVD-AZU-0037;AVD-AZU-0037;AVD-AZU-0048;AVD-AZU-0048;AVD-AZU-0048;AVD-AZU-0048;AVD-AZU-0048;AVD-AZU-0048;AVD-AZU-0051;AVD-AZU-0051;AVD-AZU-0050;AVD-AZU-0050;AVD-AZU-0050;AVD-AZU-0050;AVD-AZU-0012;AVD-AZU-0008,AVD-AZU-0047;AVD-AZU-0047;AVD-AZU-0047;AVD-AZU-0047;AVD-AZU-0047;AVD-AZU-0047;AVD-AZU-0050;AVD-AZU-0050;AVD-AZU-0010;AVD-AZU-0011,2023-12-07 16:58:31.641317
ICCS-ISAC/Candy,23,11,AVD-AWS-0124;AVD-AWS-0124;AVD-AWS-0124;AVD-AWS-0124;AVD-AWS-0124;AVD-AWS-0131;AVD-AWS-0026;AVD-AWS-0028;AVD-AWS-0107;AVD-AWS-0164;AVD-AWS-0164;AVD-AWS-0029;AVD-AZU-0039;AVD-AZU-0037;AVD-AZU-0048;AVD-AZU-0048;AVD-AZU-0048;AVD-AZU-0051;AVD-AZU-0051;AVD-AZU-0050;AVD-AZU-0050;AVD-AZU-0050;AVD-AZU-0008,AVD-AWS-0099;AVD-AWS-0099;AVD-AWS-0104;AVD-AWS-0104;AVD-AWS-0107;AVD-AWS-0107;AVD-AWS-0178;AVD-AWS-0027;AVD-AZU-0047;AVD-AZU-0047;AVD-AZU-0011,2023-12-07 16:58:37.370766
briandenicola/kubernetes,34,22,AVD-AZU-0043;AVD-AZU-0040;AVD-AZU-0042;AVD-AZU-0051;AVD-AZU-0051;AVD-AZU-0047;AVD-AZU-0047;AVD-AZU-0008;AVD-AZU-0043;AVD-AZU-0040;AVD-AZU-0042;AVD-AZU-0051;AVD-AZU-0047;AVD-AZU-0040;AVD-AZU-0042;AVD-AZU-0051;AVD-AZU-0047;AVD-AZU-0041;AVD-AZU-0040;AVD-AZU-0042;AVD-AZU-0051;AVD-AZU-0047;AVD-AZU-0041;AVD-AZU-0040;AVD-AZU-0042;AVD-AZU-0051;AVD-AZU-0047;AVD-GCP-0060;AVD-GCP-0052;AVD-GCP-0064;AVD-GCP-0054;AVD-GCP-0055;AVD-GCP-0062;AVD-GCP-0050,AVD-AZU-0041;AVD-AZU-0016;AVD-AZU-0013;AVD-AZU-0011;AVD-AZU-0041;AVD-AZU-0043;AVD-AZU-0043;AVD-AZU-0043;AVD-GCP-0029;AVD-GCP-0063;AVD-GCP-0058;AVD-GCP-0049;AVD-GCP-0061;AVD-GCP-0056;AVD-GCP-0059;AVD-GCP-0047;AVD-GCP-0048;AVD-GCP-0057;AVD-GCP-0057;AVD-GCP-0054;AVD-GCP-0051;AVD-GCP-0050,2023-12-07 16:58:49.377583
pagopa/io-infra,0,0,,,2023-12-07 16:58:51.949300
inhashed/thehive-sentinel-integration,12,4,AVD-AZU-0039;AVD-AZU-0037;AVD-AZU-0048;AVD-AZU-0048;AVD-AZU-0048;AVD-AZU-0048;AVD-AZU-0051;AVD-AZU-0047;AVD-AZU-0050;AVD-AZU-0050;AVD-AZU-0050;AVD-AZU-0050,AVD-AZU-0015;AVD-AZU-0017;AVD-AZU-0016;AVD-AZU-0013,2023-12-07 16:58:53.960186
pagopa/cstar-infrastructure,33,3,AVD-AZU-0043;AVD-AZU-0042;AVD-AZU-0043;AVD-AZU-0042;AVD-AZU-0020;AVD-AZU-0026;AVD-AZU-0015;AVD-AZU-0015;AVD-AZU-0016;AVD-AZU-0010;AVD-AZU-0010;AVD-AZU-0012;AVD-AZU-0012;AVD-AZU-0008;AVD-AZU-0008;AVD-AZU-0008;AVD-AZU-0008;AVD-AZU-0008;AVD-AZU-0007;AVD-AZU-0007;AVD-AZU-0007;AVD-AZU-0007;AVD-AZU-0007;AVD-AZU-0007;AVD-AZU-0007;AVD-AZU-0007;AVD-AZU-0011;AVD-AZU-0011;AVD-AZU-0011;AVD-AZU-0011;AVD-AZU-0011;AVD-AZU-0015;AVD-AZU-0015,AVD-AZU-0021;AVD-AZU-0024;AVD-AZU-0019,2023-12-07 16:59:10.641446
NHSDigital/summary-care-record-api,0,0,,,2023-12-07 16:59:14.189294
hotosm/raw-data-api,2,4,AVD-AZU-0039;AVD-AZU-0037,AVD-AZU-0015;AVD-AZU-0017;AVD-AZU-0016;AVD-AZU-0013,2023-12-07 16:59:27.620859
claranet/terraform-azurerm-db-postgresql-flexible,0,0,,,2023-12-07 16:59:29.914169
benchiverton/OnlineStore,0,0,,,2023-12-07 16:59:32.426273
sunileman/1ClickECK,0,0,,,2023-12-07 16:59:34.702491
prancer-io/prancer-terramerra,174,272,AVD-AWS-0099;AVD-AWS-0009;AVD-AWS-0122;AVD-AWS-0011;AVD-AWS-0012;AVD-AWS-0013;AVD-AWS-0014;AVD-AWS-0015;AVD-AWS-0016;AVD-AWS-0162;AVD-AWS-0161;AVD-AWS-0092;AVD-AWS-0006;AVD-AWS-0018;AVD-AWS-0102;AVD-AWS-0102;AVD-AWS-0102;AVD-AWS-0102;AVD-AWS-0029;AVD-AWS-0030;AVD-AWS-0032;AVD-AWS-0057;AVD-AWS-0057;AVD-AWS-0057;AVD-AWS-0057;AVD-AWS-0057;AVD-AWS-0057;AVD-AWS-0057;AVD-AWS-0057;AVD-AWS-0057;AVD-AWS-0057;AVD-AWS-0057;AVD-AWS-0057;AVD-AWS-0143;AVD-AWS-0143;AVD-AWS-0092;AVD-AWS-0023;AVD-AWS-0024;AVD-AWS-0026;AVD-AWS-0009;AVD-AWS-0029;AVD-AWS-0122;AVD-AWS-0032;AVD-AWS-0037;AVD-AWS-0164;AVD-AWS-0040;AVD-AWS-0041;AVD-AWS-0048;AVD-AWS-0043;AVD-AWS-0046;AVD-AWS-0126;AVD-AWS-0164;AVD-AWS-0053;AVD-AWS-0053;AVD-AWS-0047;AVD-AWS-0047;AVD-AWS-0047;AVD-AWS-0057;AVD-AWS-0057;AVD-AWS-0057;AVD-AWS-0099;AVD-AWS-0164;AVD-AWS-0066;AVD-AWS-0164;AVD-AWS-0164;AVD-AWS-0164;AVD-AWS-0179;AVD-AWS-0092;AVD-AWS-0176;AVD-AWS-0133;AVD-AWS-0180;AVD-AWS-0079;AVD-AWS-0080;AVD-AWS-0082;AVD-AWS-0077;AVD-AWS-0077;AVD-AWS-0077;AVD-AWS-0136;AVD-AWS-0084;AVD-AWS-0127;AVD-AWS-0092;AVD-AWS-0092;AVD-AWS-0092;AVD-AWS-0092;AVD-AWS-0094;AVD-AWS-0094;AVD-AWS-0099;AVD-AWS-0164;AVD-AWS-0099;AVD-AWS-0099;AVD-AWS-0099;AVD-AWS-0099;AVD-AWS-0124;AVD-AWS-0124;AVD-AWS-0107;AVD-AWS-0107;AVD-AWS-0029;AVD-AWS-0095;AVD-AWS-0136;AVD-AWS-0096;AVD-AWS-0097;AVD-AWS-0135;AVD-AWS-0164;AVD-AWS-0164;AVD-AWS-0164;AVD-AWS-0109;AVD-AZU-0043;AVD-AZU-0040;AVD-AZU-0042;AVD-AZU-0030;AVD-AZU-0008;AVD-AZU-0008;AVD-AZU-0006;AVD-AZU-0008;AVD-AZU-0017;AVD-AZU-0008;AVD-AZU-0038;AVD-AZU-0008;AVD-AZU-0027;AVD-AZU-0022;AVD-AZU-0022;AVD-AZU-0025;AVD-AZU-0008;AVD-AZU-0007;AVD-AZU-0051;AVD-AZU-0047;AVD-AZU-0008;AVD-AZU-0011;AVD-AZU-0048;AVD-AZU-0051;AVD-AZU-0051;AVD-AZU-0047;AVD-AZU-0050;AVD-AZU-0020;AVD-AZU-0044;AVD-AZU-0046;AVD-AZU-0045;AVD-AZU-0012;AVD-AZU-0008;AVD-AZU-0007;AVD-AZU-0037;AVD-AZU-0037;AVD-AZU-0037;AVD-AZU-0037;AVD-AZU-0037;AVD-AZU-0037;AVD-AZU-0037;AVD-AZU-0037;AVD-GCP-0037;AVD-GCP-0037;AVD-GCP-0044;AVD-GCP-0043;AVD-GCP-0036;AVD-GCP-0031;AVD-GCP-0032;AVD-GCP-0039;AVD-GCP-0056;AVD-GCP-0060;AVD-GCP-0052;AVD-GCP-0047;AVD-GCP-0064;AVD-GCP-0057;AVD-GCP-0057;AVD-GCP-0054;AVD-GCP-0054;AVD-GCP-0055;AVD-GCP-0062;AVD-GCP-0050;AVD-GCP-0050;AVD-GCP-0012;AVD-GCP-0024;AVD-GCP-0015;AVD-GCP-0017;AVD-GCP-0002,AVD-AWS-0124;AVD-AWS-0124;AVD-AWS-0124;AVD-AWS-0008;AVD-AWS-0130;AVD-AWS-0104;AVD-AWS-0107;AVD-AWS-0107;AVD-AWS-0053;AVD-AWS-0010;AVD-AWS-0010;AVD-AWS-0011;AVD-AWS-0012;AVD-AWS-0013;AVD-AWS-0086;AVD-AWS-0087;AVD-AWS-0088;AVD-AWS-0089;AVD-AWS-0090;AVD-AWS-0132;AVD-AWS-0091;AVD-AWS-0092;AVD-AWS-0093;AVD-AWS-0094;AVD-AWS-0163;AVD-AWS-0086;AVD-AWS-0087;AVD-AWS-0088;AVD-AWS-0089;AVD-AWS-0090;AVD-AWS-0132;AVD-AWS-0091;AVD-AWS-0093;AVD-AWS-0094;AVD-AWS-0001;AVD-AWS-0190;AVD-AWS-0003;AVD-AWS-0005;AVD-AWS-0019;AVD-AWS-0020;AVD-AWS-0021;AVD-AWS-0022;AVD-AWS-0023;AVD-AWS-0024;AVD-AWS-0025;AVD-AWS-0131;AVD-AWS-0028;AVD-AWS-0105;AVD-AWS-0105;AVD-AWS-0164;AVD-AWS-0178;AVD-AWS-0031;AVD-AWS-0032;AVD-AWS-0033;AVD-AWS-0050;AVD-AWS-0053;AVD-AWS-0137;AVD-AWS-0138;AVD-AWS-0139;AVD-AWS-0123;AVD-AWS-0057;AVD-AWS-0057;AVD-AWS-0057;AVD-AWS-0057;AVD-AWS-0057;AVD-AWS-0057;AVD-AWS-0057;AVD-AWS-0057;AVD-AWS-0057;AVD-AWS-0057;AVD-AWS-0057;AVD-AWS-0057;AVD-AWS-0064;AVD-AWS-0066;AVD-AWS-0070;AVD-AWS-0071;AVD-AWS-0072;AVD-AWS-0086;AVD-AWS-0087;AVD-AWS-0088;AVD-AWS-0089;AVD-AWS-0090;AVD-AWS-0132;AVD-AWS-0091;AVD-AWS-0093;AVD-AWS-0094;AVD-AWS-0098;AVD-AWS-0025;AVD-AWS-0131;AVD-AWS-0008;AVD-AWS-0028;AVD-AWS-0130;AVD-AWS-0027;AVD-AWS-0030;AVD-AWS-0031;AVD-AWS-0032;AVD-AWS-0033;AVD-AWS-0034;AVD-AWS-0178;AVD-AWS-0038;AVD-AWS-0038;AVD-AWS-0038;AVD-AWS-0038;AVD-AWS-0038;AVD-AWS-0039;AVD-AWS-0042;AVD-AWS-0178;AVD-AWS-0053;AVD-AWS-0047;AVD-AWS-0057;AVD-AWS-0057;AVD-AWS-0057;AVD-AWS-0057;AVD-AWS-0057;AVD-AWS-0178;AVD-AWS-0017;AVD-AWS-0099;AVD-AWS-0178;AVD-AWS-0065;AVD-AWS-0073;AVD-AWS-0074;AVD-AWS-0086;AVD-AWS-0087;AVD-AWS-0088;AVD-AWS-0089;AVD-AWS-0090;AVD-AWS-0132;AVD-AWS-0091;AVD-AWS-0093;AVD-AWS-0094;AVD-AWS-0177;AVD-AWS-0078;AVD-AWS-0079;AVD-AWS-0095;AVD-AWS-0086;AVD-AWS-0086;AVD-AWS-0086;AVD-AWS-0086;AVD-AWS-0087;AVD-AWS-0087;AVD-AWS-0087;AVD-AWS-0087;AVD-AWS-0088;AVD-AWS-0088;AVD-AWS-0088;AVD-AWS-0088;AVD-AWS-0089;AVD-AWS-0089;AVD-AWS-0089;AVD-AWS-0089;AVD-AWS-0090;AVD-AWS-0090;AVD-AWS-0090;AVD-AWS-0090;AVD-AWS-0132;AVD-AWS-0132;AVD-AWS-0132;AVD-AWS-0132;AVD-AWS-0091;AVD-AWS-0091;AVD-AWS-0091;AVD-AWS-0091;AVD-AWS-0093;AVD-AWS-0093;AVD-AWS-0093;AVD-AWS-0093;AVD-AWS-0094;AVD-AWS-0094;AVD-AWS-0178;AVD-AWS-0124;AVD-AWS-0124;AVD-AWS-0124;AVD-AWS-0124;AVD-AWS-0124;AVD-AWS-0124;AVD-AWS-0124;AVD-AWS-0131;AVD-AWS-0028;AVD-AWS-0104;AVD-AWS-0104;AVD-AWS-0104;AVD-AWS-0104;AVD-AWS-0104;AVD-AWS-0104;AVD-AWS-0107;AVD-AWS-0107;AVD-AWS-0107;AVD-AWS-0164;AVD-AWS-0178;AVD-AWS-0053;AVD-AWS-0178;AVD-AWS-0178;AVD-AWS-0065;AVD-AZU-0041;AVD-AZU-0016;AVD-AZU-0013;AVD-AZU-0011;AVD-AZU-0016;AVD-AZU-0013;AVD-AZU-0031;AVD-AZU-0033;AVD-AZU-0032;AVD-AZU-0011;AVD-AZU-0002;AVD-AZU-0003;AVD-AZU-0005;AVD-AZU-0004;AVD-AZU-0001;AVD-AZU-0011;AVD-AZU-0015;AVD-AZU-0016;AVD-AZU-0013;AVD-AZU-0031;AVD-AZU-0033;AVD-AZU-0032;AVD-AZU-0011;AVD-AZU-0014;AVD-AZU-0016;AVD-AZU-0013;AVD-AZU-0020;AVD-AZU-0022;AVD-AZU-0011;AVD-AZU-0027;AVD-AZU-0020;AVD-AZU-0026;AVD-AZU-0026;AVD-AZU-0031;AVD-AZU-0033;AVD-AZU-0032;AVD-AZU-0011;AVD-AZU-0049;AVD-AZU-0047;AVD-AZU-0022;AVD-AZU-0021;AVD-AZU-0024;AVD-AZU-0019;AVD-AZU-0026;AVD-AZU-0027;AVD-AZU-0022;AVD-AZU-0026;AVD-AZU-0031;AVD-AZU-0033;AVD-AZU-0032;AVD-AZU-0010;AVD-AZU-0011;AVD-AZU-0015;AVD-AZU-0014;AVD-AZU-0017;AVD-AZU-0016;AVD-AZU-0013;AVD-AZU-0039;AVD-AZU-0039;AVD-AZU-0039;AVD-AZU-0039;AVD-GCP-0066;AVD-GCP-0002;AVD-GCP-0034;AVD-GCP-0045;AVD-GCP-0041;AVD-GCP-0030;AVD-GCP-0033;AVD-GCP-0029;AVD-GCP-0063;AVD-GCP-0058;AVD-GCP-0049;AVD-GCP-0061;AVD-GCP-0059;AVD-GCP-0048;AVD-GCP-0051;AVD-GCP-0013;AVD-GCP-0010;AVD-GCP-0066,2023-12-07 16:59:37.882500
jakewalsh90/Terraform-Modules-Azure,21,9,AVD-AZU-0038;AVD-AZU-0038;AVD-AZU-0037;AVD-AZU-0037;AVD-AZU-0015;AVD-AZU-0051;AVD-AZU-0047;AVD-AZU-0015;AVD-AZU-0015;AVD-AZU-0038;AVD-AZU-0037;AVD-AZU-0015;AVD-AZU-0017;AVD-AZU-0048;AVD-AZU-0048;AVD-AZU-0051;AVD-AZU-0051;AVD-AZU-0047;AVD-AZU-0047;AVD-AZU-0050;AVD-AZU-0050,AVD-AZU-0017;AVD-AZU-0016;AVD-AZU-0013;AVD-AZU-0017;AVD-AZU-0017;AVD-AZU-0016;AVD-AZU-0013;AVD-AZU-0016;AVD-AZU-0013,2023-12-07 16:59:39.984631
identiq-protocol/edge-infrastructure,77,54,AVD-AWS-0099;AVD-AWS-0099;AVD-AWS-0099;AVD-AWS-0099;AVD-AWS-0124;AVD-AWS-0124;AVD-AWS-0124;AVD-AWS-0124;AVD-AWS-0124;AVD-AWS-0124;AVD-AWS-0124;AVD-AWS-0107;AVD-AWS-0107;AVD-AWS-0107;AVD-AWS-0107;AVD-AWS-0107;AVD-AWS-0164;AVD-AWS-0164;AVD-AWS-0164;AVD-AWS-0129;AVD-AWS-0129;AVD-AWS-0129;AVD-AWS-0129;AVD-AWS-0057;AVD-AWS-0057;AVD-AWS-0057;AVD-AWS-0057;AVD-AWS-0057;AVD-AWS-0057;AVD-AWS-0057;AVD-AWS-0057;AVD-AWS-0057;AVD-AWS-0133;AVD-AWS-0078;AVD-AWS-0180;AVD-AWS-0080;AVD-AWS-0082;AVD-AWS-0077;AVD-AZU-0043;AVD-AZU-0040;AVD-AZU-0020;AVD-AZU-0029;AVD-GCP-0027;AVD-GCP-0049;AVD-GCP-0059;AVD-GCP-0060;AVD-GCP-0052;AVD-GCP-0064;AVD-GCP-0057;AVD-GCP-0054;AVD-GCP-0055;AVD-GCP-0062;AVD-GCP-0050;AVD-GCP-0006;AVD-GCP-0006;AVD-GCP-0006;AVD-GCP-0006;AVD-GCP-0011;AVD-GCP-0011;AVD-GCP-0011;AVD-GCP-0011;AVD-GCP-0003;AVD-GCP-0003;AVD-GCP-0003;AVD-GCP-0003;AVD-GCP-0024;AVD-GCP-0018;AVD-GCP-0021;AVD-AZU-0020;AVD-AWS-0099;AVD-AWS-0124;AVD-AWS-0124;AVD-AWS-0124;AVD-AWS-0131;AVD-AWS-0107;AVD-AWS-0107;AVD-AWS-0029,AVD-AWS-0124;AVD-AWS-0130;AVD-AWS-0130;AVD-AWS-0130;AVD-AWS-0130;AVD-AWS-0104;AVD-AWS-0104;AVD-AWS-0104;AVD-AWS-0104;AVD-AWS-0164;AVD-AWS-0164;AVD-AWS-0164;AVD-AWS-0178;AVD-AWS-0038;AVD-AWS-0038;AVD-AWS-0038;AVD-AWS-0038;AVD-AWS-0038;AVD-AWS-0039;AVD-AWS-0040;AVD-AWS-0041;AVD-AWS-0057;AVD-AWS-0177;AVD-AWS-0176;AVD-AZU-0041;AVD-AZU-0042;AVD-AZU-0022;AVD-AZU-0021;AVD-AZU-0024;AVD-AZU-0019;AVD-AZU-0026;AVD-GCP-0029;AVD-GCP-0027;AVD-GCP-0061;AVD-GCP-0056;AVD-GCP-0047;AVD-GCP-0051;AVD-GCP-0014;AVD-GCP-0015;AVD-GCP-0017;AVD-GCP-0017;AVD-GCP-0017;AVD-GCP-0025;AVD-GCP-0016;AVD-GCP-0022;AVD-GCP-0020;AVD-AZU-0022;AVD-AZU-0021;AVD-AZU-0024;AVD-AZU-0019;AVD-AZU-0026;AVD-AWS-0028;AVD-AWS-0104;AVD-AWS-0104,2023-12-07 16:59:52.324890
hmcts/civil-citizen-ui,6,8,AVD-AZU-0015;AVD-AZU-0015;AVD-AZU-0015;AVD-AZU-0015;AVD-AZU-0015;AVD-AZU-0015,AVD-AZU-0015;AVD-AZU-0017;AVD-AZU-0017;AVD-AZU-0017;AVD-AZU-0017;AVD-AZU-0017;AVD-AZU-0017;AVD-AZU-0017,2023-12-07 17:00:02.340059
JFolberth/Azure_IaC_Flavors,1,1,AVD-AZU-0008,AVD-AZU-0011,2023-12-07 17:00:05.802247
fr-platform/terraform-azurerm-available-ips,0,0,,,2023-12-07 17:00:07.602538
zioproto/istio-aks-example,8,6,AVD-AZU-0043;AVD-AZU-0041;AVD-AZU-0043;AVD-AZU-0043;AVD-AZU-0041;AVD-AZU-0041;AVD-AZU-0042;AVD-AZU-0042,AVD-AZU-0040;AVD-AZU-0042;AVD-AZU-0040;AVD-AZU-0040;AVD-AZU-0016;AVD-AZU-0013,2023-12-07 17:00:09.926970
pagopa/pagopa-azure-devops,0,0,,,2023-12-07 17:00:21.965687
pagopa/terraform-infrastructure-template,0,0,,,2023-12-07 17:00:23.974480
Azure/terraform-azurerm-virtual-machine,3,0,AVD-AZU-0039;AVD-AZU-0037;AVD-AZU-0037,,2023-12-07 17:00:27.020107
CDCgov/trusted-intermediary,0,0,,,2023-12-07 17:00:30.133457
PHACDataHub/wastewater-graphql,0,0,,,2023-12-07 17:00:34.918437
CDCgov/phdi-azure,14,14,AVD-AZU-0020;AVD-AZU-0022;AVD-AZU-0035;AVD-AZU-0013;AVD-AZU-0010;AVD-AZU-0012;AVD-AZU-0008;AVD-AZU-0008;AVD-AZU-0007;AVD-AZU-0007;AVD-AZU-0007;AVD-AZU-0007;AVD-AZU-0008;AVD-AZU-0007,AVD-AZU-0021;AVD-AZU-0024;AVD-AZU-0019;AVD-AZU-0026;AVD-AZU-0015;AVD-AZU-0015;AVD-AZU-0015;AVD-AZU-0017;AVD-AZU-0017;AVD-AZU-0017;AVD-AZU-0016;AVD-AZU-0011;AVD-AZU-0011;AVD-AZU-0011,2023-12-07 17:00:45.996615
technicalflow/myterraform,0,0,,,2023-12-07 17:00:48.040701
OLeonardoRodrigues/terraform-azurerm-available-ips,0,0,,,2023-12-07 17:00:49.937058
gogorichie/tf-playground,16,16,AVD-AZU-0008;AVD-AZU-0007;AVD-AZU-0006;AVD-AZU-0008;AVD-AZU-0037;AVD-AZU-0037;AVD-AZU-0037;AVD-AZU-0037;AVD-AZU-0037;AVD-AZU-0037;AVD-AZU-0037;AVD-AZU-0037;AVD-AZU-0037;AVD-AZU-0037;AVD-AZU-0047;AVD-AZU-0008,AVD-AZU-0011;AVD-AZU-0002;AVD-AZU-0003;AVD-AZU-0005;AVD-AZU-0001;AVD-AZU-0011;AVD-AZU-0039;AVD-AZU-0039;AVD-AZU-0039;AVD-AZU-0039;AVD-AZU-0015;AVD-AZU-0017;AVD-AZU-0016;AVD-AZU-0013;AVD-AZU-0051;AVD-AZU-0011,2023-12-07 17:00:51.996256
massdriver-cloud/massdriver-cli,0,0,,,2023-12-07 17:00:54.339961
claranet/terraform-azurerm-bastion-vm,2,0,AVD-AZU-0039;AVD-AZU-0037,,2023-12-07 17:00:57.399622
hmcts/aks-sds-deploy,0,3,,AVD-AZU-0016;AVD-AZU-0013;AVD-AZU-0014,2023-12-07 17:01:00.156092
mattiasholm/code,3,6,AVD-AZU-0008;AVD-AZU-0007;AVD-AZU-0011,AVD-AZU-0015;AVD-AZU-0017;AVD-AZU-0016;AVD-AZU-0013;AVD-GIT-0003;AVD-GIT-0001,2023-12-07 17:01:05.007630
pavanjava/terraform-tutorial,42,102,AVD-AWS-0099;AVD-AWS-0124;AVD-AWS-0107;AVD-AWS-0092;AVD-AWS-0029;AVD-AWS-0029;AVD-AWS-0029;AVD-AWS-0029;AVD-AWS-0029;AVD-AWS-0143;AVD-AWS-0143;AVD-AWS-0143;AVD-AWS-0143;AVD-AWS-0029;AVD-AWS-0029;AVD-AWS-0099;AVD-AWS-0143;AVD-AWS-0143;AVD-AWS-0143;AVD-AWS-0029;AVD-AWS-0029;AVD-AWS-0124;AVD-AWS-0029;AVD-AWS-0029;AVD-AWS-0029;AVD-AWS-0180;AVD-AWS-0082;AVD-AWS-0029;AVD-AWS-0180;AVD-AWS-0082;AVD-AZU-0008;AVD-AZU-0007;AVD-AZU-0008;AVD-AZU-0008;AVD-AZU-0007;AVD-AZU-0008;AVD-AZU-0008;AVD-AZU-0039;AVD-AZU-0037;AVD-AZU-0048;AVD-AZU-0051;AVD-AZU-0008,AVD-AZU-0020;AVD-AZU-0022;AVD-AZU-0021;AVD-AZU-0024;AVD-AZU-0019;AVD-AZU-0026;AVD-AWS-0086;AVD-AWS-0087;AVD-AWS-0088;AVD-AWS-0089;AVD-AWS-0090;AVD-AWS-0132;AVD-AWS-0091;AVD-AWS-0093;AVD-AWS-0094;AVD-AWS-0131;AVD-AWS-0028;AVD-GIT-0003;AVD-GIT-0001;AVD-AWS-0131;AVD-AWS-0131;AVD-AWS-0028;AVD-AWS-0028;AVD-AWS-0131;AVD-AWS-0131;AVD-AWS-0028;AVD-AWS-0028;AVD-AWS-0131;AVD-AWS-0028;AVD-AWS-0131;AVD-AWS-0028;AVD-AWS-0124;AVD-AWS-0124;AVD-AWS-0124;AVD-AWS-0124;AVD-AWS-0124;AVD-AWS-0124;AVD-AWS-0124;AVD-AWS-0124;AVD-AWS-0124;AVD-AWS-0124;AVD-AWS-0124;AVD-AWS-0124;AVD-AWS-0107;AVD-AWS-0107;AVD-AWS-0107;AVD-AWS-0107;AVD-AWS-0107;AVD-AWS-0107;AVD-AWS-0107;AVD-AWS-0107;AVD-AWS-0107;AVD-AWS-0107;AVD-AWS-0107;AVD-AWS-0107;AVD-AWS-0131;AVD-AWS-0028;AVD-AWS-0131;AVD-AWS-0028;AVD-AWS-0099;AVD-AWS-0124;AVD-AWS-0131;AVD-AWS-0028;AVD-AWS-0104;AVD-AWS-0104;AVD-AWS-0107;AVD-AWS-0131;AVD-AWS-0028;AVD-AWS-0131;AVD-AWS-0028;AVD-AWS-0177;AVD-AWS-0176;AVD-AWS-0133;AVD-AWS-0080;AVD-AWS-0077;AVD-AWS-0050;AVD-AWS-0131;AVD-AWS-0028;AVD-AWS-0177;AVD-AWS-0176;AVD-AWS-0133;AVD-AWS-0080;AVD-AWS-0077;AVD-AZU-0016;AVD-AZU-0013;AVD-AZU-0011;AVD-AZU-0027;AVD-AZU-0022;AVD-AZU-0026;AVD-AZU-0011;AVD-AZU-0011;AVD-AZU-0011;AVD-AZU-0011;AVD-AZU-0034;AVD-AZU-0015;AVD-AZU-0014;AVD-AZU-0017;AVD-AZU-0016;AVD-AZU-0013;AVD-AZU-0047;AVD-AZU-0050;AVD-AZU-0011,2023-12-07 17:01:07.058940
jmvigueras/playground,153,250,AVD-AZU-0037;AVD-AZU-0037;AVD-AZU-0037;AVD-AZU-0037;AVD-AZU-0037;AVD-AZU-0037;AVD-AZU-0037;AVD-AZU-0022;AVD-AZU-0048;AVD-AZU-0048;AVD-AZU-0048;AVD-AZU-0048;AVD-AZU-0048;AVD-AZU-0048;AVD-AZU-0050;AVD-AZU-0050;AVD-AZU-0050;AVD-AZU-0050;AVD-AZU-0008;AVD-AZU-0011;AVD-GCP-0037;AVD-GCP-0037;AVD-GCP-0037;AVD-GCP-0037;AVD-GCP-0037;AVD-GCP-0037;AVD-GCP-0037;AVD-GCP-0037;AVD-GCP-0037;AVD-GCP-0037;AVD-GCP-0037;AVD-GCP-0037;AVD-GCP-0037;AVD-GCP-0037;AVD-GCP-0037;AVD-GCP-0037;AVD-GCP-0037;AVD-GCP-0037;AVD-GCP-0043;AVD-GCP-0043;AVD-GCP-0036;AVD-GCP-0036;AVD-GCP-0036;AVD-GCP-0036;AVD-GCP-0036;AVD-GCP-0036;AVD-GCP-0031;AVD-GCP-0031;AVD-GCP-0031;AVD-GCP-0031;AVD-GCP-0031;AVD-GCP-0031;AVD-GCP-0031;AVD-GCP-0031;AVD-GCP-0031;AVD-GCP-0031;AVD-GCP-0031;AVD-GCP-0031;AVD-GCP-0031;AVD-GCP-0031;AVD-GCP-0032;AVD-GCP-0032;AVD-GCP-0032;AVD-GCP-0032;AVD-GCP-0032;AVD-GCP-0032;AVD-AZU-0048;AVD-AZU-0048;AVD-AZU-0048;AVD-AZU-0048;AVD-AZU-0048;AVD-AZU-0048;AVD-AZU-0048;AVD-AZU-0048;AVD-AZU-0048;AVD-AZU-0048;AVD-AZU-0048;AVD-AZU-0048;AVD-AZU-0048;AVD-AZU-0048;AVD-AZU-0050;AVD-AZU-0050;AVD-AZU-0050;AVD-AZU-0050;AVD-AZU-0050;AVD-AZU-0050;AVD-AZU-0050;AVD-AZU-0050;AVD-AZU-0050;AVD-AZU-0050;AVD-AZU-0008;AVD-AZU-0011;AVD-AWS-0099;AVD-AWS-0099;AVD-AWS-0099;AVD-AWS-0099;AVD-AWS-0099;AVD-AWS-0124;AVD-AWS-0124;AVD-AWS-0124;AVD-AWS-0124;AVD-AWS-0124;AVD-AWS-0124;AVD-AWS-0124;AVD-AWS-0124;AVD-AWS-0104;AVD-AWS-0104;AVD-AWS-0107;AVD-AWS-0107;AVD-AWS-0164;AVD-AWS-0164;AVD-AWS-0164;AVD-AWS-0164;AVD-AWS-0164;AVD-AWS-0164;AVD-AWS-0029;AVD-AWS-0057;AVD-AWS-0057;AVD-AWS-0057;AVD-AWS-0057;AVD-AWS-0057;AVD-AZU-0037;AVD-AZU-0037;AVD-AZU-0037;AVD-AZU-0037;AVD-AZU-0037;AVD-AZU-0037;AVD-AZU-0048;AVD-AZU-0048;AVD-AZU-0048;AVD-AZU-0048;AVD-AZU-0048;AVD-AZU-0048;AVD-AZU-0048;AVD-AZU-0048;AVD-AZU-0048;AVD-AZU-0048;AVD-AZU-0048;AVD-AZU-0048;AVD-AZU-0048;AVD-AZU-0048;AVD-AZU-0050;AVD-AZU-0050;AVD-AZU-0050;AVD-AZU-0050;AVD-AZU-0050;AVD-AZU-0050;AVD-AZU-0050;AVD-AZU-0050;AVD-AZU-0050;AVD-AZU-0050;AVD-AZU-0008;AVD-AZU-0011,AVD-AZU-0039;AVD-AZU-0039;AVD-AZU-0039;AVD-AZU-0039;AVD-AZU-0039;AVD-AZU-0039;AVD-AZU-0039;AVD-AZU-0027;AVD-AZU-0026;AVD-AZU-0048;AVD-AZU-0048;AVD-AZU-0048;AVD-AZU-0051;AVD-AZU-0051;AVD-AZU-0051;AVD-AZU-0051;AVD-AZU-0051;AVD-AZU-0047;AVD-AZU-0047;AVD-AZU-0047;AVD-AZU-0047;AVD-AZU-0047;AVD-AZU-0047;AVD-AZU-0047;AVD-AZU-0047;AVD-AZU-0050;AVD-AZU-0050;AVD-AZU-0050;AVD-AZU-0050;AVD-GCP-0034;AVD-GCP-0034;AVD-GCP-0034;AVD-GCP-0034;AVD-GCP-0034;AVD-GCP-0034;AVD-GCP-0045;AVD-GCP-0045;AVD-GCP-0045;AVD-GCP-0045;AVD-GCP-0045;AVD-GCP-0045;AVD-GCP-0041;AVD-GCP-0041;AVD-GCP-0041;AVD-GCP-0041;AVD-GCP-0041;AVD-GCP-0041;AVD-GCP-0029;AVD-GCP-0029;AVD-GCP-0029;AVD-GCP-0029;AVD-GCP-0029;AVD-GCP-0029;AVD-GCP-0029;AVD-GCP-0029;AVD-GCP-0029;AVD-GCP-0029;AVD-GCP-0029;AVD-GCP-0029;AVD-GCP-0029;AVD-GCP-0029;AVD-GCP-0029;AVD-GCP-0029;AVD-GCP-0029;AVD-GCP-0029;AVD-GCP-0044;AVD-GCP-0044;AVD-GCP-0044;AVD-GCP-0044;AVD-GCP-0044;AVD-GCP-0044;AVD-GCP-0043;AVD-GCP-0043;AVD-GCP-0043;AVD-GCP-0043;AVD-GCP-0030;AVD-GCP-0030;AVD-GCP-0030;AVD-GCP-0030;AVD-GCP-0030;AVD-GCP-0030;AVD-GCP-0027;AVD-GCP-0027;AVD-GCP-0027;AVD-GCP-0027;AVD-GCP-0027;AVD-GCP-0027;AVD-GCP-0027;AVD-GCP-0027;AVD-GCP-0031;AVD-GCP-0031;AVD-GCP-0031;AVD-GCP-0031;AVD-GCP-0033;AVD-GCP-0033;AVD-GCP-0033;AVD-GCP-0033;AVD-GCP-0033;AVD-GCP-0033;AVD-GCP-0033;AVD-GCP-0033;AVD-GCP-0033;AVD-GCP-0033;AVD-GCP-0033;AVD-GCP-0033;AVD-AZU-0048;AVD-AZU-0048;AVD-AZU-0048;AVD-AZU-0048;AVD-AZU-0048;AVD-AZU-0048;AVD-AZU-0048;AVD-AZU-0048;AVD-AZU-0048;AVD-AZU-0051;AVD-AZU-0051;AVD-AZU-0051;AVD-AZU-0051;AVD-AZU-0051;AVD-AZU-0051;AVD-AZU-0051;AVD-AZU-0051;AVD-AZU-0051;AVD-AZU-0051;AVD-AZU-0051;AVD-AZU-0051;AVD-AZU-0051;AVD-AZU-0047;AVD-AZU-0047;AVD-AZU-0047;AVD-AZU-0047;AVD-AZU-0047;AVD-AZU-0047;AVD-AZU-0047;AVD-AZU-0047;AVD-AZU-0047;AVD-AZU-0047;AVD-AZU-0047;AVD-AZU-0047;AVD-AZU-0047;AVD-AZU-0047;AVD-AZU-0047;AVD-AZU-0047;AVD-AZU-0047;AVD-AZU-0047;AVD-AZU-0047;AVD-AZU-0047;AVD-AZU-0047;AVD-AZU-0047;AVD-AZU-0047;AVD-AZU-0050;AVD-AZU-0050;AVD-AZU-0050;AVD-AZU-0050;AVD-AZU-0050;AVD-AZU-0050;AVD-AZU-0050;AVD-AZU-0050;AVD-AZU-0050;AVD-AZU-0050;AVD-AZU-0050;AVD-AWS-0124;AVD-AWS-0124;AVD-AWS-0124;AVD-AWS-0124;AVD-AWS-0124;AVD-AWS-0124;AVD-AWS-0124;AVD-AWS-0124;AVD-AWS-0124;AVD-AWS-0124;AVD-AWS-0124;AVD-AWS-0131;AVD-AWS-0028;AVD-AWS-0104;AVD-AWS-0104;AVD-AWS-0104;AVD-AWS-0104;AVD-AWS-0107;AVD-AWS-0107;AVD-AWS-0107;AVD-AWS-0107;AVD-AWS-0107;AVD-AWS-0107;AVD-AWS-0107;AVD-AWS-0107;AVD-AWS-0107;AVD-AWS-0107;AVD-AWS-0107;AVD-AWS-0178;AVD-AWS-0057;AVD-AWS-0057;AVD-AZU-0039;AVD-AZU-0039;AVD-AZU-0039;AVD-AZU-0039;AVD-AZU-0039;AVD-AZU-0039;AVD-AZU-0048;AVD-AZU-0048;AVD-AZU-0048;AVD-AZU-0048;AVD-AZU-0048;AVD-AZU-0048;AVD-AZU-0048;AVD-AZU-0048;AVD-AZU-0051;AVD-AZU-0051;AVD-AZU-0051;AVD-AZU-0051;AVD-AZU-0051;AVD-AZU-0051;AVD-AZU-0051;AVD-AZU-0051;AVD-AZU-0051;AVD-AZU-0051;AVD-AZU-0051;AVD-AZU-0051;AVD-AZU-0047;AVD-AZU-0047;AVD-AZU-0047;AVD-AZU-0047;AVD-AZU-0047;AVD-AZU-0047;AVD-AZU-0047;AVD-AZU-0047;AVD-AZU-0047;AVD-AZU-0047;AVD-AZU-0047;AVD-AZU-0047;AVD-AZU-0047;AVD-AZU-0047;AVD-AZU-0047;AVD-AZU-0047;AVD-AZU-0047;AVD-AZU-0047;AVD-AZU-0047;AVD-AZU-0047;AVD-AZU-0047;AVD-AZU-0047;AVD-AZU-0050;AVD-AZU-0050;AVD-AZU-0050;AVD-AZU-0050;AVD-AZU-0050;AVD-AZU-0050;AVD-AZU-0050;AVD-AZU-0050;AVD-AZU-0050;AVD-AZU-0050,2023-12-07 17:01:43.036091
dapr-in-prod/samples,1,1,AVD-AZU-0016,AVD-AZU-0013,2023-12-07 17:01:45.184014
LefeWare-Solutions/Azure-MasterIaCTemplates,0,5,,AVD-AZU-0016;AVD-AZU-0013;AVD-AZU-0027;AVD-AZU-0022;AVD-AZU-0026,2023-12-07 17:01:47.226520
sourcegraph/tf-k8s-configs,365,107,AVD-AWS-0017;AVD-AWS-0099;AVD-AWS-0099;AVD-AWS-0124;AVD-AWS-0124;AVD-AWS-0124;AVD-AWS-0124;AVD-AWS-0124;AVD-AWS-0124;AVD-AWS-0124;AVD-AWS-0124;AVD-AWS-0124;AVD-AWS-0124;AVD-AWS-0124;AVD-AWS-0124;AVD-AWS-0124;AVD-AWS-0130;AVD-AWS-0104;AVD-AWS-0104;AVD-AWS-0104;AVD-AWS-0104;AVD-AWS-0104;AVD-AWS-0107;AVD-AWS-0107;AVD-AWS-0107;AVD-AWS-0107;AVD-AWS-0107;AVD-AWS-0107;AVD-AWS-0164;AVD-AWS-0164;AVD-AWS-0164;AVD-AWS-0129;AVD-AWS-0038;AVD-AWS-0038;AVD-AWS-0038;AVD-AWS-0057;AVD-AWS-0057;AVD-AWS-0057;AVD-AWS-0057;AVD-AWS-0057;AVD-AWS-0057;AVD-AWS-0057;AVD-AWS-0057;AVD-AWS-0057;AVD-AWS-0057;AVD-AWS-0057;AVD-AWS-0057;AVD-AWS-0057;AVD-AWS-0057;AVD-AWS-0057;AVD-AWS-0057;AVD-AWS-0057;AVD-AWS-0057;AVD-AWS-0057;AVD-AWS-0057;AVD-AWS-0057;AVD-AWS-0057;AVD-AWS-0057;AVD-AWS-0057;AVD-AWS-0057;AVD-AWS-0057;AVD-AWS-0057;AVD-AWS-0057;AVD-AWS-0057;AVD-AWS-0057;AVD-AWS-0057;AVD-AWS-0057;AVD-AWS-0057;AVD-AWS-0057;AVD-AWS-0057;AVD-AWS-0057;AVD-AWS-0057;AVD-AWS-0057;AVD-AWS-0057;AVD-AWS-0057;AVD-AWS-0057;AVD-AWS-0057;AVD-AWS-0057;AVD-AWS-0057;AVD-AWS-0057;AVD-AWS-0057;AVD-AWS-0057;AVD-AWS-0057;AVD-AWS-0057;AVD-AWS-0057;AVD-AWS-0057;AVD-AWS-0057;AVD-AWS-0057;AVD-AWS-0057;AVD-AWS-0057;AVD-AWS-0057;AVD-AWS-0057;AVD-AWS-0057;AVD-AWS-0057;AVD-AWS-0057;AVD-AWS-0057;AVD-AWS-0057;AVD-AWS-0057;AVD-AWS-0057;AVD-AWS-0057;AVD-AWS-0057;AVD-AWS-0057;AVD-AWS-0057;AVD-AWS-0057;AVD-AWS-0057;AVD-AWS-0057;AVD-AWS-0057;AVD-AWS-0057;AVD-AWS-0057;AVD-AWS-0057;AVD-AWS-0057;AVD-AWS-0057;AVD-AWS-0057;AVD-AWS-0057;AVD-AWS-0057;AVD-AWS-0057;AVD-AWS-0057;AVD-AWS-0057;AVD-AWS-0057;AVD-AWS-0057;AVD-AWS-0057;AVD-AWS-0057;AVD-AWS-0057;AVD-AWS-0057;AVD-AWS-0057;AVD-AWS-0057;AVD-AWS-0057;AVD-AWS-0057;AVD-AWS-0057;AVD-AWS-0057;AVD-AWS-0057;AVD-AWS-0057;AVD-AWS-0057;AVD-AWS-0057;AVD-AWS-0057;AVD-AWS-0057;AVD-AWS-0057;AVD-AWS-0057;AVD-AWS-0057;AVD-AWS-0057;AVD-AWS-0057;AVD-AWS-0057;AVD-AWS-0057;AVD-AWS-0057;AVD-AWS-0057;AVD-AWS-0057;AVD-AWS-0057;AVD-AWS-0057;AVD-AWS-0057;AVD-AWS-0057;AVD-AWS-0057;AVD-AWS-0057;AVD-AWS-0057;AVD-AWS-0057;AVD-AWS-0057;AVD-AWS-0057;AVD-AWS-0057;AVD-AWS-0057;AVD-AWS-0057;AVD-AWS-0057;AVD-AWS-0057;AVD-AWS-0057;AVD-AWS-0057;AVD-AWS-0057;AVD-AWS-0057;AVD-AWS-0057;AVD-AWS-0057;AVD-AWS-0057;AVD-AWS-0057;AVD-AWS-0057;AVD-AWS-0057;AVD-AWS-0057;AVD-AWS-0057;AVD-AWS-0057;AVD-AWS-0057;AVD-AWS-0057;AVD-AWS-0057;AVD-AWS-0057;AVD-AWS-0057;AVD-AWS-0057;AVD-AWS-0057;AVD-AWS-0057;AVD-AWS-0057;AVD-AWS-0057;AVD-AWS-0057;AVD-AWS-0057;AVD-AWS-0057;AVD-AWS-0057;AVD-AWS-0057;AVD-AWS-0057;AVD-AWS-0057;AVD-AWS-0057;AVD-AWS-0057;AVD-AWS-0057;AVD-AWS-0057;AVD-AWS-0057;AVD-AWS-0057;AVD-AWS-0057;AVD-AWS-0057;AVD-AWS-0057;AVD-AWS-0057;AVD-AWS-0017;AVD-AWS-0099;AVD-AWS-0099;AVD-AWS-0124;AVD-AWS-0124;AVD-AWS-0124;AVD-AWS-0124;AVD-AWS-0124;AVD-AWS-0124;AVD-AWS-0124;AVD-AWS-0124;AVD-AWS-0124;AVD-AWS-0124;AVD-AWS-0124;AVD-AWS-0124;AVD-AWS-0124;AVD-AWS-0130;AVD-AWS-0130;AVD-AWS-0104;AVD-AWS-0104;AVD-AWS-0104;AVD-AWS-0104;AVD-AWS-0104;AVD-AWS-0107;AVD-AWS-0107;AVD-AWS-0107;AVD-AWS-0107;AVD-AWS-0107;AVD-AWS-0107;AVD-AWS-0107;AVD-AWS-0164;AVD-AWS-0164;AVD-AWS-0164;AVD-AWS-0129;AVD-AWS-0129;AVD-AWS-0038;AVD-AWS-0038;AVD-AWS-0038;AVD-AWS-0057;AVD-AWS-0057;AVD-AWS-0057;AVD-AWS-0057;AVD-AWS-0057;AVD-AWS-0057;AVD-AWS-0057;AVD-AWS-0057;AVD-AWS-0057;AVD-AWS-0057;AVD-AWS-0057;AVD-AWS-0057;AVD-AWS-0057;AVD-AWS-0057;AVD-AWS-0057;AVD-AWS-0057;AVD-AWS-0057;AVD-AWS-0057;AVD-AWS-0057;AVD-AWS-0057;AVD-AWS-0057;AVD-AWS-0057;AVD-AWS-0057;AVD-AWS-0057;AVD-AWS-0057;AVD-AWS-0057;AVD-AWS-0057;AVD-AWS-0057;AVD-AWS-0057;AVD-AWS-0057;AVD-AWS-0057;AVD-AWS-0057;AVD-AWS-0057;AVD-AWS-0057;AVD-AWS-0057;AVD-AWS-0057;AVD-AWS-0057;AVD-AWS-0057;AVD-AWS-0057;AVD-AWS-0057;AVD-AWS-0057;AVD-AWS-0057;AVD-AWS-0057;AVD-AWS-0057;AVD-AWS-0057;AVD-AWS-0057;AVD-AWS-0057;AVD-AWS-0057;AVD-AWS-0057;AVD-AWS-0057;AVD-AWS-0057;AVD-AWS-0057;AVD-AWS-0057;AVD-AWS-0057;AVD-AWS-0057;AVD-AWS-0057;AVD-AWS-0057;AVD-AWS-0057;AVD-AWS-0057;AVD-AWS-0057;AVD-AWS-0057;AVD-AWS-0057;AVD-AWS-0057;AVD-AWS-0057;AVD-AWS-0057;AVD-AWS-0057;AVD-AWS-0057;AVD-AWS-0057;AVD-AWS-0057;AVD-AWS-0057;AVD-AWS-0057;AVD-AWS-0057;AVD-AWS-0057;AVD-AWS-0057;AVD-AWS-0057;AVD-AZU-0051;AVD-AZU-0047;AVD-GCP-0063;AVD-GCP-0058;AVD-GCP-0049;AVD-GCP-0060;AVD-GCP-0052;AVD-GCP-0048;AVD-GCP-0064;AVD-GCP-0057;AVD-GCP-0057;AVD-GCP-0054;AVD-GCP-0054;AVD-GCP-0055;AVD-GCP-0062;AVD-GCP-0050;AVD-GCP-0006;AVD-GCP-0006;AVD-GCP-0006;AVD-GCP-0006;AVD-GCP-0011;AVD-GCP-0011;AVD-GCP-0011;AVD-GCP-0011;AVD-GCP-0003;AVD-GCP-0003;AVD-GCP-0003;AVD-GCP-0003;AVD-GCP-0029;AVD-GCP-0063;AVD-GCP-0058;AVD-GCP-0049;AVD-GCP-0060;AVD-GCP-0052;AVD-GCP-0064;AVD-GCP-0057;AVD-GCP-0057;AVD-GCP-0054;AVD-GCP-0054;AVD-GCP-0055;AVD-GCP-0062;AVD-GCP-0050;AVD-GCP-0006;AVD-GCP-0006;AVD-GCP-0006;AVD-GCP-0011;AVD-GCP-0011;AVD-GCP-0011;AVD-GCP-0003;AVD-GCP-0003;AVD-GCP-0003,AVD-AWS-0099;AVD-AWS-0124;AVD-AWS-0104;AVD-AWS-0104;AVD-AWS-0104;AVD-AWS-0164;AVD-AWS-0178;AVD-AWS-0038;AVD-AWS-0038;AVD-AWS-0039;AVD-AWS-0040;AVD-AWS-0041;AVD-AWS-0057;AVD-AWS-0057;AVD-AWS-0057;AVD-AWS-0057;AVD-AWS-0057;AVD-AWS-0057;AVD-AWS-0057;AVD-AWS-0057;AVD-AWS-0057;AVD-AWS-0057;AVD-AWS-0057;AVD-AWS-0057;AVD-AWS-0057;AVD-AWS-0057;AVD-AWS-0057;AVD-AWS-0057;AVD-AWS-0057;AVD-AWS-0057;AVD-AWS-0057;AVD-AWS-0057;AVD-AWS-0057;AVD-AWS-0057;AVD-AWS-0057;AVD-AWS-0057;AVD-AWS-0057;AVD-AWS-0057;AVD-AWS-0057;AVD-AWS-0057;AVD-AWS-0057;AVD-AWS-0057;AVD-AWS-0057;AVD-AWS-0057;AVD-AWS-0057;AVD-AWS-0057;AVD-AWS-0057;AVD-AWS-0057;AVD-AWS-0057;AVD-AWS-0057;AVD-AWS-0057;AVD-AWS-0057;AVD-AWS-0057;AVD-AWS-0057;AVD-AWS-0099;AVD-AWS-0099;AVD-AWS-0124;AVD-AWS-0124;AVD-AWS-0104;AVD-AWS-0104;AVD-AWS-0104;AVD-AWS-0164;AVD-AWS-0178;AVD-AWS-0038;AVD-AWS-0038;AVD-AWS-0039;AVD-AWS-0040;AVD-AWS-0041;AVD-AWS-0057;AVD-AWS-0057;AVD-AWS-0057;AVD-AWS-0057;AVD-AWS-0057;AVD-AWS-0057;AVD-AWS-0057;AVD-AWS-0057;AVD-AWS-0057;AVD-AWS-0057;AVD-AWS-0057;AVD-AWS-0057;AVD-AWS-0057;AVD-AWS-0057;AVD-AWS-0057;AVD-AWS-0057;AVD-AWS-0057;AVD-AWS-0057;AVD-AWS-0057;AVD-AWS-0057;AVD-AZU-0043;AVD-AZU-0041;AVD-AZU-0040;AVD-AZU-0042;AVD-GCP-0029;AVD-GCP-0061;AVD-GCP-0056;AVD-GCP-0059;AVD-GCP-0047;AVD-GCP-0051;AVD-GCP-0029;AVD-GCP-0061;AVD-GCP-0056;AVD-GCP-0059;AVD-GCP-0047;AVD-GCP-0048;AVD-GCP-0051;AVD-GCP-0007;AVD-GCP-0007,2023-12-07 17:01:54.393442
hmcts/terraform-module-vnet-peering,0,0,,,2023-12-07 17:01:56.200141
mjmenger/terraform-f5xc-azure-base,19,2,AVD-AZU-0048;AVD-AZU-0048;AVD-AZU-0048;AVD-AZU-0048;AVD-AZU-0048;AVD-AZU-0048;AVD-AZU-0048;AVD-AZU-0048;AVD-AZU-0051;AVD-AZU-0051;AVD-AZU-0047;AVD-AZU-0050;AVD-AZU-0050;AVD-AZU-0050;AVD-AZU-0050;AVD-AZU-0050;AVD-AZU-0050;AVD-AZU-0050;AVD-AZU-0050,AVD-AZU-0047;AVD-AZU-0047,2023-12-07 17:01:58.268720
kvietmeier/Terraform,0,0,,,2023-12-07 17:02:03.199794
pagopa/terraform-azurerm-v3,25,0,AVD-AZU-0002;AVD-AZU-0005;AVD-AZU-0006;AVD-AZU-0008;AVD-AZU-0011;AVD-AZU-0035;AVD-AZU-0004;AVD-AZU-0008;AVD-AZU-0011;AVD-AZU-0015;AVD-AZU-0015;AVD-AZU-0015;AVD-AZU-0015;AVD-AZU-0016;AVD-AZU-0043;AVD-AZU-0042;AVD-AZU-0020;AVD-AZU-0022;AVD-AZU-0029;AVD-AZU-0021;AVD-AZU-0024;AVD-AZU-0019;AVD-AZU-0026;AVD-AZU-0008;AVD-AZU-0011,,2023-12-07 17:02:07.956838
oaviles/hello_iac,12,35,AVD-AWS-0099;AVD-AWS-0124;AVD-AWS-0107;AVD-GCP-0060;AVD-GCP-0052;AVD-GCP-0064;AVD-GCP-0054;AVD-GCP-0055;AVD-GCP-0062;AVD-GCP-0050;AVD-AZU-0008;AVD-AZU-0008,AVD-AZU-0043;AVD-AZU-0041;AVD-AZU-0040;AVD-AZU-0042;AVD-AWS-0124;AVD-AWS-0104;AVD-AWS-0164;AVD-AWS-0164;AVD-AWS-0178;AVD-AWS-0038;AVD-AWS-0038;AVD-AWS-0038;AVD-AWS-0038;AVD-AWS-0038;AVD-AWS-0039;AVD-AWS-0040;AVD-AWS-0041;AVD-GCP-0063;AVD-GCP-0058;AVD-GCP-0049;AVD-GCP-0061;AVD-GCP-0056;AVD-GCP-0059;AVD-GCP-0047;AVD-GCP-0048;AVD-GCP-0057;AVD-GCP-0057;AVD-GCP-0054;AVD-GCP-0051;AVD-GCP-0050;AVD-AZU-0011;AVD-AZU-0011;AVD-AZU-0027;AVD-AZU-0022;AVD-AZU-0026,2023-12-07 17:02:09.939833
hashicorp-demo-lab/demo-bootstrap,0,6,,AVD-AWS-0057;AVD-AWS-0057;AVD-AWS-0057;AVD-AWS-0057;AVD-AWS-0057;AVD-AWS-0057,2023-12-07 17:02:13.689219
Contrast-Security-OSS/demo-webgoat.net,0,0,,,2023-12-07 17:02:19.864675
briandenicola/codespaces-developer-demo,5,5,AVD-AZU-0040;AVD-AZU-0042;AVD-AZU-0048;AVD-AZU-0051;AVD-AZU-0050,AVD-AZU-0043;AVD-AZU-0041;AVD-AZU-0016;AVD-AZU-0013;AVD-AZU-0047,2023-12-07 17:02:21.836741
hmcts/pip-data-management,8,8,AVD-AZU-0017;AVD-AZU-0017;AVD-AZU-0017;AVD-AZU-0017;AVD-AZU-0017;AVD-AZU-0017;AVD-AZU-0017;AVD-AZU-0017,AVD-AZU-0015;AVD-AZU-0015;AVD-AZU-0015;AVD-AZU-0015;AVD-AZU-0015;AVD-AZU-0015;AVD-AZU-0015;AVD-AZU-0015,2023-12-07 17:02:25.361379
FelixAnna/keep-hands-on,0,2,,AVD-AZU-0016;AVD-AZU-0013,2023-12-07 17:02:32.909452
equinor/radix-terraform-azurerm-aks,5,3,AVD-AZU-0043;AVD-AZU-0041;AVD-AZU-0048;AVD-AZU-0051;AVD-AZU-0050,AVD-AZU-0040;AVD-AZU-0042;AVD-AZU-0047,2023-12-07 17:02:34.922938
DFE-Digital/get-an-identity,4,0,AVD-AZU-0008;AVD-AZU-0007;AVD-AZU-0007;AVD-AZU-0011,,2023-12-07 17:02:37.959692
keithpatton/aks-workloadidentity-sample,0,0,,,2023-12-07 17:02:40.092973
boxboat/speedboat-terragrunt,20,12,AVD-AZU-0048;AVD-AZU-0048;AVD-AZU-0048;AVD-AZU-0048;AVD-AZU-0051;AVD-AZU-0050;AVD-AZU-0050;AVD-AZU-0050;AVD-AZU-0050;AVD-AZU-0042;AVD-AZU-0048;AVD-AZU-0048;AVD-AZU-0048;AVD-AZU-0048;AVD-AZU-0051;AVD-AZU-0050;AVD-AZU-0050;AVD-AZU-0050;AVD-AZU-0050;AVD-AZU-0020,AVD-AZU-0047;AVD-AZU-0043;AVD-AZU-0041;AVD-AZU-0040;AVD-AZU-0016;AVD-AZU-0013;AVD-AZU-0047;AVD-AZU-0022;AVD-AZU-0021;AVD-AZU-0024;AVD-AZU-0019;AVD-AZU-0026,2023-12-07 17:02:42.118879
geekzter/azure-pipelines-container-agent,7,1,AVD-AZU-0048;AVD-AZU-0051;AVD-AZU-0051;AVD-AZU-0047;AVD-AZU-0047;AVD-AZU-0050;AVD-AZU-0008,AVD-AZU-0011,2023-12-07 17:02:44.476946
paulveillard/cybersecurity-secrets-management,12,13,AVD-AZU-0039;AVD-AZU-0037;AVD-AZU-0048;AVD-AZU-0048;AVD-AZU-0048;AVD-AZU-0051;AVD-AZU-0008;AVD-GCP-0037;AVD-GCP-0044;AVD-GCP-0043;AVD-GCP-0036;AVD-GCP-0032,AVD-AZU-0014;AVD-AZU-0016;AVD-AZU-0013;AVD-AZU-0047;AVD-AZU-0047;AVD-AZU-0047;AVD-AZU-0050;AVD-AZU-0011;AVD-GCP-0045;AVD-GCP-0041;AVD-GCP-0030;AVD-GCP-0031;AVD-GCP-0033,2023-12-07 17:02:47.540903
lacework/terraform-azure-activity-log,1,2,AVD-AZU-0008,AVD-AZU-0009;AVD-AZU-0011,2023-12-07 17:02:49.720676
hmcts/am-org-role-mapping-service,0,6,,AVD-AZU-0015;AVD-AZU-0015;AVD-AZU-0015;AVD-AZU-0017;AVD-AZU-0017;AVD-AZU-0017,2023-12-07 17:02:53.259621
Planning-Inspectorate/infrastructure-environments,0,0,,,2023-12-07 17:02:56.038287
joaovictorino/terraform-docker-spring,2,1,AVD-AZU-0020;AVD-AZU-0026,AVD-AZU-0022,2023-12-07 17:03:04.052733
DevOps-Team-Ca/CI-CD-Team-Project-Jenkins-Azure-Pipeline-GithubActions,1,4,AVD-AZU-0006,AVD-AZU-0002;AVD-AZU-0003;AVD-AZU-0005;AVD-AZU-0001,2023-12-07 17:03:06.356727
hmcts/et-sya-api,0,8,,AVD-AZU-0015;AVD-AZU-0015;AVD-AZU-0015;AVD-AZU-0015;AVD-AZU-0017;AVD-AZU-0017;AVD-AZU-0017;AVD-AZU-0017,2023-12-07 17:03:10.016559
jmc265/jeeb-uk,1,3,AVD-AZU-0008,AVD-AZU-0016;AVD-AZU-0013;AVD-AZU-0011,2023-12-07 17:03:12.591816
qbeyond/terraform-azurerm-azure-bastion,24,0,AVD-AZU-0048;AVD-AZU-0048;AVD-AZU-0048;AVD-AZU-0048;AVD-AZU-0051;AVD-AZU-0051;AVD-AZU-0051;AVD-AZU-0051;AVD-AZU-0051;AVD-AZU-0051;AVD-AZU-0051;AVD-AZU-0051;AVD-AZU-0047;AVD-AZU-0047;AVD-AZU-0047;AVD-AZU-0047;AVD-AZU-0047;AVD-AZU-0047;AVD-AZU-0047;AVD-AZU-0047;AVD-AZU-0050;AVD-AZU-0050;AVD-AZU-0050;AVD-AZU-0050,,2023-12-07 17:03:14.479877
equinor/terraform-azurerm-sql,6,4,AVD-AZU-0028;AVD-AZU-0027;AVD-AZU-0026;AVD-AZU-0008;AVD-AZU-0007;AVD-AZU-0011,AVD-AZU-0022;AVD-AZU-0025;AVD-AZU-0018;AVD-AZU-0023,2023-12-07 17:03:16.532310
sap-linuxlab/terraform.modules_for_sap,96,108,AVD-AWS-0099;AVD-AWS-0104;AVD-AWS-0104;AVD-AWS-0104;AVD-AWS-0107;AVD-AWS-0164;AVD-AWS-0164;AVD-AWS-0099;AVD-AWS-0099;AVD-AWS-0104;AVD-AWS-0107;AVD-AWS-0164;AVD-AWS-0029;AVD-AWS-0104;AVD-AWS-0104;AVD-AWS-0107;AVD-AWS-0107;AVD-AWS-0104;AVD-AWS-0107;AVD-AWS-0037;AVD-AWS-0029;AVD-GCP-0035;AVD-GCP-0035;AVD-GCP-0027;AVD-GCP-0027;AVD-GCP-0012;AVD-GCP-0037;AVD-GCP-0044;AVD-GCP-0043;AVD-GCP-0030;AVD-GCP-0035;AVD-GCP-0027;AVD-GCP-0032;AVD-GCP-0035;AVD-GCP-0035;AVD-GCP-0027;AVD-GCP-0027;AVD-GCP-0037;AVD-GCP-0037;AVD-GCP-0037;AVD-GCP-0037;AVD-GCP-0037;AVD-GCP-0037;AVD-GCP-0037;AVD-GCP-0037;AVD-GCP-0037;AVD-GCP-0037;AVD-GCP-0037;AVD-GCP-0037;AVD-GCP-0037;AVD-GCP-0044;AVD-GCP-0043;AVD-GCP-0030;AVD-GCP-0031;AVD-GCP-0032;AVD-OPNSTK-0001;AVD-AZU-0048;AVD-AZU-0039;AVD-AZU-0037;AVD-AZU-0048;AVD-AZU-0048;AVD-AZU-0048;AVD-AZU-0048;AVD-AZU-0051;AVD-AZU-0051;AVD-AZU-0051;AVD-AZU-0047;AVD-AZU-0050;AVD-AZU-0048;AVD-AZU-0048;AVD-AZU-0051;AVD-AZU-0051;AVD-AZU-0051;AVD-AZU-0051;AVD-AZU-0047;AVD-AZU-0047;AVD-AZU-0047;AVD-AZU-0047;AVD-AZU-0050;AVD-AZU-0050;AVD-AZU-0048;AVD-AZU-0051;AVD-AZU-0051;AVD-AZU-0047;AVD-AZU-0047;AVD-AZU-0050;AVD-AZU-0039;AVD-AZU-0038;AVD-AZU-0038;AVD-AZU-0038;AVD-AZU-0038;AVD-AZU-0038;AVD-AZU-0038;AVD-AZU-0038;AVD-AZU-0038;AVD-AZU-0037,AVD-AWS-0124;AVD-AWS-0124;AVD-AWS-0124;AVD-AWS-0124;AVD-AWS-0124;AVD-AWS-0124;AVD-AWS-0124;AVD-AWS-0124;AVD-AWS-0104;AVD-AWS-0104;AVD-AWS-0104;AVD-AWS-0107;AVD-AWS-0178;AVD-AWS-0124;AVD-AWS-0124;AVD-AWS-0124;AVD-AWS-0124;AVD-AWS-0124;AVD-AWS-0124;AVD-AWS-0131;AVD-AWS-0028;AVD-AWS-0104;AVD-AWS-0104;AVD-AWS-0107;AVD-AWS-0107;AVD-AWS-0124;AVD-AWS-0124;AVD-AWS-0124;AVD-AWS-0124;AVD-AWS-0124;AVD-AWS-0124;AVD-AWS-0131;AVD-AWS-0026;AVD-AWS-0026;AVD-AWS-0026;AVD-AWS-0026;AVD-AWS-0026;AVD-AWS-0026;AVD-AWS-0026;AVD-AWS-0026;AVD-AWS-0026;AVD-AWS-0026;AVD-AWS-0026;AVD-AWS-0026;AVD-AWS-0028;AVD-AWS-0027;AVD-AWS-0027;AVD-AWS-0027;AVD-AWS-0027;AVD-AWS-0027;AVD-AWS-0027;AVD-AWS-0027;AVD-AWS-0027;AVD-AWS-0027;AVD-AWS-0027;AVD-AWS-0027;AVD-AWS-0027;AVD-GCP-0035;AVD-GCP-0035;AVD-GCP-0029;AVD-GCP-0045;AVD-GCP-0041;AVD-GCP-0029;AVD-GCP-0036;AVD-GCP-0035;AVD-GCP-0035;AVD-GCP-0027;AVD-GCP-0027;AVD-GCP-0031;AVD-GCP-0033;AVD-GCP-0034;AVD-GCP-0034;AVD-GCP-0034;AVD-GCP-0034;AVD-GCP-0034;AVD-GCP-0034;AVD-GCP-0034;AVD-GCP-0034;AVD-GCP-0034;AVD-GCP-0034;AVD-GCP-0034;AVD-GCP-0034;AVD-GCP-0045;AVD-GCP-0041;AVD-GCP-0036;AVD-GCP-0033;AVD-AZU-0048;AVD-AZU-0048;AVD-AZU-0051;AVD-AZU-0051;AVD-AZU-0051;AVD-AZU-0051;AVD-AZU-0051;AVD-AZU-0051;AVD-AZU-0051;AVD-AZU-0051;AVD-AZU-0047;AVD-AZU-0047;AVD-AZU-0047;AVD-AZU-0047;AVD-AZU-0050;AVD-AZU-0050;AVD-AZU-0050;AVD-AZU-0047;AVD-AZU-0047;AVD-AZU-0047;AVD-AZU-0050;AVD-AZU-0050,2023-12-07 17:03:19.400108
zakarel/Azure-terraform-templates,5,3,AVD-AZU-0039;AVD-AZU-0037;AVD-AZU-0048;AVD-AZU-0051;AVD-AZU-0008,AVD-AZU-0047;AVD-AZU-0050;AVD-AZU-0011,2023-12-07 17:03:21.477483
LOLRedPanda/app-core,1,1,AVD-AZU-0008,AVD-AZU-0011,2023-12-07 17:03:25.701715
dawlysd/azure-application-gateway-microhack,3,3,AVD-AZU-0037;AVD-AZU-0037;AVD-AZU-0037,AVD-AZU-0039;AVD-AZU-0039;AVD-AZU-0039,2023-12-07 17:03:28.520578
FdelMazo/7573-Arqui,6,2,AVD-AZU-0039;AVD-AZU-0039;AVD-AZU-0037;AVD-AZU-0037;AVD-AZU-0048;AVD-AZU-0051,AVD-AZU-0047;AVD-AZU-0050,2023-12-07 17:03:31.714219
tjsullivan1/tjs-scripts,7,9,AVD-AZU-0012;AVD-AZU-0012;AVD-AZU-0008;AVD-AZU-0008;AVD-AZU-0012;AVD-AZU-0008;AVD-AZU-0008,AVD-AZU-0010;AVD-AZU-0010;AVD-AZU-0011;AVD-AZU-0011;AVD-AZU-0010;AVD-AZU-0011;AVD-AZU-0014;AVD-AZU-0011;AVD-AZU-0034,2023-12-07 17:03:33.783129
tuananh281/devops-project,5,5,AVD-AZU-0039;AVD-AZU-0039;AVD-AZU-0037;AVD-AZU-0037;AVD-AZU-0008,AVD-AZU-0048;AVD-AZU-0051;AVD-AZU-0047;AVD-AZU-0050;AVD-AZU-0011,2023-12-07 17:03:36.585696
FrenchBarbusCorp/Workshop-Azure-Container-Apps,1,1,AVD-AZU-0008,AVD-AZU-0011,2023-12-07 17:03:43.086013
leancodepl/terraform-kubernetes-cluster,1,3,AVD-AZU-0043,AVD-AZU-0041;AVD-AZU-0040;AVD-AZU-0042,2023-12-07 17:03:45.336162
Sumit016/Cloud_Tasks,12,11,AVD-AZU-0037;AVD-AZU-0037;AVD-AZU-0048;AVD-AZU-0048;AVD-AZU-0048;AVD-AZU-0048;AVD-AZU-0048;AVD-AZU-0051;AVD-AZU-0047;AVD-AZU-0047;AVD-AZU-0050;AVD-AZU-0050,AVD-AZU-0039;AVD-AZU-0039;AVD-AZU-0027;AVD-AZU-0022;AVD-AZU-0026;AVD-AZU-0051;AVD-AZU-0051;AVD-AZU-0047;AVD-AZU-0047;AVD-AZU-0047;AVD-AZU-0050,2023-12-07 17:03:47.318624
raedrizk/ansible-terraform-demos,20,26,AVD-AWS-0029;AVD-AWS-0029;AVD-AWS-0065;AVD-AWS-0086;AVD-AWS-0087;AVD-AWS-0088;AVD-AWS-0090;AVD-AWS-0132;AVD-AWS-0091;AVD-AWS-0092;AVD-AWS-0093;AVD-AWS-0094;AVD-AZU-0037;AVD-AZU-0048;AVD-AZU-0051;AVD-GCP-0037;AVD-GCP-0044;AVD-GCP-0043;AVD-GCP-0036;AVD-GCP-0032,AVD-AWS-0023;AVD-AWS-0024;AVD-AWS-0025;AVD-AWS-0099;AVD-AWS-0124;AVD-AWS-0124;AVD-AWS-0124;AVD-AWS-0124;AVD-AWS-0131;AVD-AWS-0131;AVD-AWS-0028;AVD-AWS-0028;AVD-AWS-0104;AVD-AWS-0107;AVD-AWS-0107;AVD-AWS-0107;AVD-AWS-0089;AVD-AZU-0039;AVD-AZU-0047;AVD-AZU-0050;AVD-GCP-0045;AVD-GCP-0041;AVD-GCP-0030;AVD-GCP-0027;AVD-GCP-0031;AVD-GCP-0033,2023-12-07 17:03:49.312949
bobbyabuchi/devops,2,3,AVD-AWS-0029;AVD-AZU-0037,AVD-AWS-0131;AVD-AWS-0028;AVD-AZU-0039,2023-12-07 17:03:51.309871
keithpatton/aks-sample,0,0,,,2023-12-07 17:03:53.600753
antjpcdrogas/chatGPTVoiceDiscBot,0,0,,,2023-12-07 17:03:55.404703
hmcts/slack-help-bot,0,0,,,2023-12-07 17:03:57.865813
