Repository Full Name,Passed Check Count,Failed Check Count,Passed Checks,Failed Checks,Check Date
kubermatic/kubeone,7,2,CKV_AZURE_160;CKV_AZURE_9;CKV_AZURE_77;CKV_AZURE_118;CKV_AZURE_1;CKV_AZURE_45;CKV2_AZURE_14,CKV_AZURE_10;CKV_AZURE_119,2023-02-20 15:09:17.152342
Azure/terraform,194,196,CKV_AZURE_118;CKV_AZURE_118;CKV_AZURE_160;CKV_AZURE_9;CKV_AZURE_77;CKV_AZURE_10;CKV_AZURE_3;CKV_AZURE_33;CKV_AZURE_118;CKV_AZURE_160;CKV_AZURE_9;CKV_AZURE_77;CKV_AZURE_10;CKV_AZURE_59;CKV_AZURE_44;CKV_AZURE_3;CKV_AZURE_15;CKV_AZURE_14;CKV_AZURE_3;CKV_AZURE_160;CKV_AZURE_9;CKV_AZURE_77;CKV_AZURE_10;CKV_AZURE_3;CKV_AZURE_3;CKV_AZURE_3;CKV_AZURE_160;CKV_AZURE_9;CKV_AZURE_77;CKV_AZURE_118;CKV_AZURE_3;CKV_AZURE_1;CKV_AZURE_178;CKV_AZURE_15;CKV_AZURE_81;CKV_AZURE_83;CKV_AZURE_82;CKV_AZURE_15;CKV_AZURE_81;CKV_AZURE_83;CKV_AZURE_82;CKV_AZURE_15;CKV_AZURE_81;CKV_AZURE_83;CKV_AZURE_82;CKV_AZURE_77;CKV_AZURE_10;CKV_AZURE_118;CKV_AZURE_3;CKV_AZURE_137;CKV_AZURE_143;CKV_AZURE_143;CKV_AZURE_4;CKV_AZURE_143;CKV_AZURE_143;CKV_AZURE_2;CKV_AZURE_118;CKV_AZURE_1;CKV_AZURE_178;CKV_AZURE_3;CKV_AZURE_44;CKV_AZURE_3;CKV_AZURE_3;CKV_AZURE_34;CKV_AZURE_108;CKV_AZURE_143;CKV_AZURE_143;CKV_AZURE_160;CKV_AZURE_9;CKV_AZURE_77;CKV_AZURE_10;CKV_AZURE_118;CKV_AZURE_160;CKV_AZURE_9;CKV_AZURE_77;CKV_AZURE_10;CKV_AZURE_160;CKV_AZURE_9;CKV_AZURE_77;CKV_AZURE_10;CKV_AZURE_3;CKV_AZURE_139;CKV_AZURE_77;CKV_AZURE_1;CKV_AZURE_45;CKV_AZURE_118;CKV_AZURE_160;CKV_AZURE_77;CKV_AZURE_10;CKV_AZURE_3;CKV_AZURE_118;CKV_AZURE_1;CKV_AZURE_178;CKV_AZURE_118;CKV_AZURE_45;CKV_AZURE_118;CKV_AZURE_1;CKV_AZURE_45;CKV_AZURE_137;CKV_AZURE_15;CKV_AZURE_81;CKV_AZURE_83;CKV_AZURE_82;CKV_AZURE_15;CKV_AZURE_81;CKV_AZURE_83;CKV_AZURE_82;CKV_AZURE_160;CKV_AZURE_9;CKV_AZURE_77;CKV_AZURE_10;CKV_AZURE_160;CKV_AZURE_9;CKV_AZURE_77;CKV_AZURE_10;CKV_AZURE_3;CKV_AZURE_139;CKV_AZURE_4;CKV_AZURE_143;CKV_AZURE_160;CKV_AZURE_9;CKV_AZURE_77;CKV_AZURE_10;CKV_AZURE_160;CKV_AZURE_9;CKV_AZURE_77;CKV_AZURE_10;CKV_AZURE_160;CKV_AZURE_9;CKV_AZURE_77;CKV_AZURE_10;CKV_AZURE_143;CKV_AZURE_45;CKV_AZURE_45;CKV_AZURE_160;CKV_AZURE_9;CKV_AZURE_77;CKV_AZURE_45;CKV_AZURE_45;CKV_AZURE_45;CKV_AZURE_160;CKV_AZURE_9;CKV_AZURE_77;CKV_AZURE_10;CKV_AZURE_118;CKV_AZURE_160;CKV_AZURE_9;CKV_AZURE_77;CKV_AZURE_10;CKV_AZURE_160;CKV_AZURE_9;CKV_AZURE_77;CKV_AZURE_10;CKV_AZURE_160;CKV_AZURE_9;CKV_AZURE_77;CKV_AZURE_10;CKV_AZURE_3;CKV_AZURE_139;CKV_AZURE_3;CKV_AZURE_3;CKV_AZURE_3;CKV_AZURE_3;CKV_AZURE_118;CKV_AZURE_160;CKV_AZURE_9;CKV_AZURE_77;CKV_AZURE_1;CKV_AZURE_178;CKV_AZURE_118;CKV_AZURE_1;CKV_AZURE_178;CKV_AZURE_119;CKV_AZURE_119;CKV_AZURE_119;CKV_AZURE_119;CKV_AZURE_119;CKV_AZURE_119;CKV_AZURE_119;CKV_AZURE_119;CKV_AZURE_119;CKV_AZURE_119;CKV_AZURE_119;CKV_AZURE_119;CKV_AZURE_119;CKV2_AZURE_8;CKV2_AZURE_14;CKV2_AZURE_14;CKV2_AZURE_14;CKV2_AZURE_14;CKV2_AZURE_14;CKV2_AZURE_14;CKV2_AZURE_14;CKV2_AZURE_14,CKV_AZURE_177;CKV_AZURE_151;CKV_AZURE_177;CKV_AZURE_151;CKV_AZURE_59;CKV_AZURE_44;CKV_AZURE_177;CKV_AZURE_151;CKV_AZURE_101;CKV_AZURE_101;CKV_AZURE_101;CKV_AZURE_101;CKV_AZURE_101;CKV_AZURE_101;CKV_AZURE_101;CKV_AZURE_121;CKV_AZURE_33;CKV_AZURE_18;CKV_AZURE_59;CKV_AZURE_44;CKV_AZURE_33;CKV_AZURE_137;CKV_AZURE_139;CKV_AZURE_59;CKV_AZURE_44;CKV_AZURE_33;CKV_AZURE_59;CKV_AZURE_44;CKV_AZURE_33;CKV_AZURE_59;CKV_AZURE_44;CKV_AZURE_33;CKV_AZURE_10;CKV_AZURE_59;CKV_AZURE_44;CKV_AZURE_33;CKV_AZURE_14;CKV_AZURE_80;CKV_AZURE_18;CKV_AZURE_14;CKV_AZURE_80;CKV_AZURE_18;CKV_AZURE_14;CKV_AZURE_80;CKV_AZURE_18;CKV_AZURE_160;CKV_AZURE_9;CKV_AZURE_59;CKV_AZURE_44;CKV_AZURE_33;CKV_AZURE_177;CKV_AZURE_151;CKV_AZURE_139;CKV_AZURE_117;CKV_AZURE_4;CKV_AZURE_141;CKV_AZURE_117;CKV_AZURE_4;CKV_AZURE_141;CKV_AZURE_117;CKV_AZURE_141;CKV_AZURE_117;CKV_AZURE_4;CKV_AZURE_141;CKV_AZURE_93;CKV_AZURE_97;CKV_AZURE_177;CKV_AZURE_59;CKV_AZURE_44;CKV_AZURE_33;CKV_AZURE_59;CKV_AZURE_33;CKV_AZURE_59;CKV_AZURE_44;CKV_AZURE_33;CKV_AZURE_117;CKV_AZURE_4;CKV_AZURE_141;CKV_AZURE_117;CKV_AZURE_4;CKV_AZURE_141;CKV_AZURE_177;CKV_AZURE_151;CKV_AZURE_59;CKV_AZURE_44;CKV_AZURE_33;CKV_AZURE_137;CKV_AZURE_160;CKV_AZURE_9;CKV_AZURE_10;CKV_AZURE_9;CKV_AZURE_59;CKV_AZURE_44;CKV_AZURE_33;CKV_AZURE_97;CKV_AZURE_177;CKV_AZURE_1;CKV_AZURE_139;CKV_AZURE_14;CKV_AZURE_80;CKV_AZURE_18;CKV_AZURE_28;CKV_AZURE_53;CKV_AZURE_54;CKV_AZURE_96;CKV_AZURE_14;CKV_AZURE_80;CKV_AZURE_18;CKV_AZURE_59;CKV_AZURE_44;CKV_AZURE_33;CKV_AZURE_137;CKV_AZURE_117;CKV_AZURE_141;CKV_AZURE_117;CKV_AZURE_4;CKV_AZURE_141;CKV_AZURE_118;CKV_AZURE_1;CKV_AZURE_118;CKV_AZURE_1;CKV_AZURE_118;CKV_AZURE_10;CKV_AZURE_1;CKV_AZURE_118;CKV_AZURE_1;CKV_AZURE_118;CKV_AZURE_1;CKV_AZURE_177;CKV_AZURE_151;CKV_AZURE_59;CKV_AZURE_44;CKV_AZURE_33;CKV_AZURE_137;CKV_AZURE_59;CKV_AZURE_44;CKV_AZURE_33;CKV_AZURE_59;CKV_AZURE_44;CKV_AZURE_33;CKV_AZURE_59;CKV_AZURE_44;CKV_AZURE_33;CKV_AZURE_59;CKV_AZURE_44;CKV_AZURE_33;CKV_AZURE_10;CKV2_AZURE_1;CKV2_AZURE_1;CKV2_AZURE_1;CKV2_AZURE_1;CKV2_AZURE_1;CKV2_AZURE_1;CKV2_AZURE_1;CKV2_AZURE_1;CKV2_AZURE_1;CKV2_AZURE_1;CKV2_AZURE_1;CKV2_AZURE_1;CKV2_AZURE_1;CKV2_AZURE_1;CKV2_AZURE_1;CKV2_AZURE_1;CKV2_AZURE_1;CKV2_AZURE_1;CKV2_AZURE_1;CKV_AZURE_119;CKV_AZURE_119;CKV_AZURE_119;CKV_AZURE_119;CKV_AZURE_119;CKV_AZURE_119;CKV2_AZURE_18;CKV2_AZURE_18;CKV2_AZURE_18;CKV2_AZURE_18;CKV2_AZURE_18;CKV2_AZURE_18;CKV2_AZURE_18;CKV2_AZURE_18;CKV2_AZURE_18;CKV2_AZURE_18;CKV2_AZURE_18;CKV2_AZURE_18;CKV2_AZURE_18;CKV2_AZURE_18;CKV2_AZURE_18;CKV2_AZURE_18;CKV2_AZURE_18;CKV2_AZURE_18;CKV2_AZURE_18;CKV2_AZURE_16;CKV2_AZURE_21;CKV_AZURE_120;CKV_AZURE_120;CKV_AZURE_120,2023-02-20 15:11:47.437056
aztfmod/terraform-azurerm-caf,26,26,CKV_AZURE_117;CKV_AZURE_4;CKV_AZURE_143;CKV_AZURE_137;CKV_AZURE_2;CKV_AZURE_93;CKV_AZURE_1;CKV_AZURE_45;CKV_AZURE_1;CKV_AZURE_178;CKV_AZURE_178;CKV_AZURE_178;CKV_AZURE_11;CKV_AZURE_11;CKV_AZURE_31;CKV_AZURE_30;CKV_AZURE_146;CKV_AZURE_11;CKV_AZURE_121;CKV_AZURE_77;CKV_AZURE_77;CKV_AZURE_33;CKV_AZURE_33;CKV_AZURE_159;CKV_AZURE_119;CKV2_AZURE_14,CKV_AZURE_139;CKV_AZURE_118;CKV_AZURE_177;CKV_AZURE_151;CKV_AZURE_97;CKV_AZURE_49;CKV_AZURE_97;CKV_AZURE_49;CKV_AZURE_97;CKV_AZURE_177;CKV_AZURE_48;CKV_AZURE_205;CKV_AZURE_204;CKV_AZURE_59;CKV_AZURE_44;CKV_AZURE_59;CKV_AZURE_44;CKV2_AZURE_15;CKV2_AZURE_1;CKV2_AZURE_1;CKV2_AZURE_16;CKV2_AZURE_18;CKV2_AZURE_18;CKV2_AZURE_21;CKV2_AZURE_21;CKV2_AZURE_21,2023-02-20 15:14:22.359304
lynnlangit/learning-cloud,7,8,CKV_AZURE_118;CKV_AZURE_45;CKV_AZURE_3;CKV_AZURE_34;CKV_AZURE_119;CKV2_AZURE_8;CKV2_AZURE_14,CKV_AZURE_1;CKV_AZURE_59;CKV_AZURE_44;CKV_AZURE_33;CKV2_AZURE_1;CKV2_AZURE_18;CKV2_AZURE_21;CKV2_AZURE_20,2023-02-20 15:14:35.710682
ned1313/terraform-tuesdays,220,101,CKV_AZURE_160;CKV_AZURE_9;CKV_AZURE_77;CKV_AZURE_10;CKV_AZURE_160;CKV_AZURE_9;CKV_AZURE_77;CKV_AZURE_10;CKV_AZURE_160;CKV_AZURE_9;CKV_AZURE_77;CKV_AZURE_10;CKV_AZURE_160;CKV_AZURE_9;CKV_AZURE_77;CKV_AZURE_10;CKV_AZURE_160;CKV_AZURE_9;CKV_AZURE_77;CKV_AZURE_10;CKV_AZURE_160;CKV_AZURE_9;CKV_AZURE_77;CKV_AZURE_10;CKV_AZURE_29;CKV_AZURE_147;CKV_AZURE_11;CKV_AZURE_118;CKV_AZURE_1;CKV_AZURE_178;CKV_AZURE_118;CKV_AZURE_1;CKV_AZURE_178;CKV_AZURE_160;CKV_AZURE_9;CKV_AZURE_77;CKV_AZURE_10;CKV_AZURE_160;CKV_AZURE_9;CKV_AZURE_77;CKV_AZURE_10;CKV_AZURE_160;CKV_AZURE_9;CKV_AZURE_77;CKV_AZURE_10;CKV_AZURE_160;CKV_AZURE_9;CKV_AZURE_77;CKV_AZURE_10;CKV_AZURE_160;CKV_AZURE_9;CKV_AZURE_77;CKV_AZURE_10;CKV_AZURE_160;CKV_AZURE_9;CKV_AZURE_77;CKV_AZURE_10;CKV_AZURE_3;CKV_AZURE_34;CKV_AZURE_160;CKV_AZURE_9;CKV_AZURE_77;CKV_AZURE_10;CKV_AZURE_160;CKV_AZURE_9;CKV_AZURE_77;CKV_AZURE_10;CKV_AZURE_160;CKV_AZURE_9;CKV_AZURE_77;CKV_AZURE_160;CKV_AZURE_9;CKV_AZURE_77;CKV_AZURE_10;CKV_AZURE_160;CKV_AZURE_9;CKV_AZURE_77;CKV_AZURE_160;CKV_AZURE_9;CKV_AZURE_77;CKV_AZURE_10;CKV_AZURE_118;CKV_AZURE_1;CKV_AZURE_178;CKV_AZURE_118;CKV_AZURE_1;CKV_AZURE_178;CKV_AZURE_160;CKV_AZURE_77;CKV_AZURE_10;CKV_AZURE_160;CKV_AZURE_9;CKV_AZURE_77;CKV_AZURE_10;CKV_AZURE_118;CKV_AZURE_118;CKV_AZURE_3;CKV_AZURE_160;CKV_AZURE_9;CKV_AZURE_77;CKV_AZURE_10;CKV_AZURE_160;CKV_AZURE_9;CKV_AZURE_77;CKV_AZURE_10;CKV_AZURE_160;CKV_AZURE_9;CKV_AZURE_77;CKV_AZURE_10;CKV_AZURE_160;CKV_AZURE_9;CKV_AZURE_77;CKV_AZURE_10;CKV_AZURE_9;CKV_AZURE_77;CKV_AZURE_10;CKV_AZURE_160;CKV_AZURE_9;CKV_AZURE_77;CKV_AZURE_160;CKV_AZURE_9;CKV_AZURE_77;CKV_AZURE_10;CKV_AZURE_118;CKV_AZURE_1;CKV_AZURE_178;CKV_AZURE_118;CKV_AZURE_1;CKV_AZURE_178;CKV_AZURE_160;CKV_AZURE_9;CKV_AZURE_77;CKV_AZURE_10;CKV_AZURE_9;CKV_AZURE_77;CKV_AZURE_10;CKV_AZURE_160;CKV_AZURE_9;CKV_AZURE_77;CKV_AZURE_160;CKV_AZURE_9;CKV_AZURE_77;CKV_AZURE_10;CKV_AZURE_3;CKV_AZURE_34;CKV_AZURE_3;CKV_AZURE_34;CKV_AZURE_3;CKV_AZURE_34;CKV_AZURE_3;CKV_AZURE_34;CKV_AZURE_160;CKV_AZURE_9;CKV_AZURE_77;CKV_AZURE_10;CKV_AZURE_3;CKV_AZURE_34;CKV_AZURE_160;CKV_AZURE_9;CKV_AZURE_77;CKV_AZURE_10;CKV_AZURE_118;CKV_AZURE_1;CKV_AZURE_178;CKV_AZURE_2;CKV_AZURE_160;CKV_AZURE_9;CKV_AZURE_77;CKV_AZURE_10;CKV_AZURE_160;CKV_AZURE_9;CKV_AZURE_77;CKV_AZURE_15;CKV_AZURE_14;CKV_AZURE_81;CKV_AZURE_83;CKV_AZURE_82;CKV_AZURE_3;CKV_AZURE_34;CKV_AZURE_3;CKV_AZURE_1;CKV_AZURE_178;CKV_AZURE_118;CKV_AZURE_160;CKV_AZURE_9;CKV_AZURE_77;CKV_AZURE_10;CKV_AZURE_160;CKV_AZURE_9;CKV_AZURE_77;CKV_AZURE_118;CKV_AZURE_45;CKV_AZURE_3;CKV_AZURE_34;CKV_AZURE_3;CKV_AZURE_34;CKV_AZURE_3;CKV_AZURE_34;CKV_AZURE_160;CKV_AZURE_9;CKV_AZURE_77;CKV_AZURE_10;CKV_AZURE_3;CKV_AZURE_34;CKV_AZURE_1;CKV_AZURE_119;CKV_AZURE_119;CKV_AZURE_119;CKV2_AZURE_8;CKV2_AZURE_8;CKV2_AZURE_8;CKV2_AZURE_8;CKV2_AZURE_8;CKV2_AZURE_8;CKV2_AZURE_8;CKV2_AZURE_8;CKV2_AZURE_8;CKV2_AZURE_8;CKV2_AZURE_8;CKV2_AZURE_14,CKV_AZURE_130;CKV_AZURE_68;CKV_AZURE_59;CKV_AZURE_44;CKV_AZURE_33;CKV_AZURE_10;CKV_AZURE_10;CKV_AZURE_9;CKV_AZURE_59;CKV_AZURE_44;CKV_AZURE_33;CKV_AZURE_177;CKV_AZURE_151;CKV_AZURE_160;CKV_AZURE_10;CKV_AZURE_160;CKV_AZURE_10;CKV_AZURE_59;CKV_AZURE_44;CKV_AZURE_33;CKV_AZURE_59;CKV_AZURE_44;CKV_AZURE_33;CKV_AZURE_59;CKV_AZURE_44;CKV_AZURE_33;CKV_AZURE_59;CKV_AZURE_44;CKV_AZURE_33;CKV_AZURE_59;CKV_AZURE_44;CKV_AZURE_33;CKV_AZURE_93;CKV_AZURE_10;CKV_AZURE_80;CKV_AZURE_18;CKV_AZURE_59;CKV_AZURE_44;CKV_AZURE_33;CKV_AZURE_59;CKV_AZURE_44;CKV_AZURE_33;CKV_AZURE_10;CKV_AZURE_1;CKV_AZURE_59;CKV_AZURE_44;CKV_AZURE_33;CKV_AZURE_59;CKV_AZURE_44;CKV_AZURE_33;CKV_AZURE_59;CKV_AZURE_44;CKV_AZURE_33;CKV_AZURE_59;CKV_AZURE_44;CKV_AZURE_33;CKV_AZURE_178;CKV2_AZURE_1;CKV2_AZURE_1;CKV2_AZURE_1;CKV2_AZURE_1;CKV2_AZURE_1;CKV2_AZURE_1;CKV2_AZURE_1;CKV2_AZURE_1;CKV2_AZURE_1;CKV2_AZURE_1;CKV2_AZURE_1;CKV2_AZURE_1;CKV2_AZURE_1;CKV_AZURE_119;CKV_AZURE_119;CKV_AZURE_119;CKV_AZURE_119;CKV_AZURE_119;CKV_AZURE_119;CKV_AZURE_119;CKV2_AZURE_18;CKV2_AZURE_18;CKV2_AZURE_18;CKV2_AZURE_18;CKV2_AZURE_18;CKV2_AZURE_18;CKV2_AZURE_18;CKV2_AZURE_18;CKV2_AZURE_18;CKV2_AZURE_18;CKV2_AZURE_18;CKV2_AZURE_18;CKV2_AZURE_18;CKV2_AZURE_21;CKV2_AZURE_21;CKV2_AZURE_21;CKV2_AZURE_21;CKV2_AZURE_21;CKV2_AZURE_21;CKV2_AZURE_21;CKV2_AZURE_21;CKV2_AZURE_21;CKV2_AZURE_21;CKV2_AZURE_21,2023-02-20 15:14:56.741624
HoussemDellai/terraform-course,38,75,CKV_AZURE_15;CKV_AZURE_15;CKV_AZURE_81;CKV_AZURE_83;CKV_AZURE_82;CKV_AZURE_15;CKV_AZURE_3;CKV_AZURE_160;CKV_AZURE_9;CKV_AZURE_77;CKV_AZURE_118;CKV_AZURE_3;CKV_AZURE_1;CKV_AZURE_178;CKV_AZURE_143;CKV_AZURE_137;CKV_AZURE_143;CKV_AZURE_143;CKV_AZURE_143;CKV_AZURE_141;CKV_AZURE_143;CKV_AZURE_141;CKV_AZURE_118;CKV_AZURE_3;CKV_AZURE_3;CKV_AZURE_15;CKV_AZURE_81;CKV_AZURE_83;CKV_AZURE_82;CKV_AZURE_143;CKV_AZURE_3;CKV_AZURE_33;CKV_AZURE_3;CKV_AZURE_3;CKV_AZURE_15;CKV_AZURE_119;CKV2_AZURE_8;CKV2_AZURE_6,CKV_AZURE_14;CKV_AZURE_18;CKV_AZURE_14;CKV_AZURE_80;CKV_AZURE_18;CKV_AZURE_14;CKV_AZURE_18;CKV_AZURE_113;CKV_AZURE_52;CKV_AZURE_59;CKV_AZURE_44;CKV_AZURE_33;CKV_AZURE_156;CKV_AZURE_10;CKV_AZURE_59;CKV_AZURE_44;CKV_AZURE_33;CKV_AZURE_117;CKV_AZURE_4;CKV_AZURE_141;CKV_AZURE_139;CKV_AZURE_117;CKV_AZURE_4;CKV_AZURE_141;CKV_AZURE_117;CKV_AZURE_4;CKV_AZURE_141;CKV_AZURE_117;CKV_AZURE_4;CKV_AZURE_117;CKV_AZURE_4;CKV_AZURE_177;CKV_AZURE_151;CKV_AZURE_59;CKV_AZURE_44;CKV_AZURE_33;CKV_AZURE_34;CKV_AZURE_59;CKV_AZURE_44;CKV_AZURE_33;CKV_AZURE_14;CKV_AZURE_80;CKV_AZURE_18;CKV_AZURE_117;CKV_AZURE_4;CKV_AZURE_141;CKV_AZURE_59;CKV_AZURE_44;CKV_AZURE_2;CKV_AZURE_93;CKV_AZURE_59;CKV_AZURE_44;CKV_AZURE_33;CKV_AZURE_59;CKV_AZURE_44;CKV_AZURE_33;CKV_AZURE_14;CKV_AZURE_18;CKV2_AZURE_1;CKV2_AZURE_1;CKV2_AZURE_1;CKV2_AZURE_1;CKV2_AZURE_1;CKV2_AZURE_1;CKV2_AZURE_1;CKV_AZURE_119;CKV2_AZURE_18;CKV2_AZURE_18;CKV2_AZURE_18;CKV2_AZURE_18;CKV2_AZURE_18;CKV2_AZURE_18;CKV2_AZURE_18;CKV2_AZURE_21;CKV_AZURE_120,2023-02-20 15:15:11.946714
Azure/Mission-Critical-Online,37,39,CKV_AZURE_137;CKV_AZURE_121;CKV_AZURE_15;CKV_AZURE_14;CKV_AZURE_160;CKV_AZURE_9;CKV_AZURE_77;CKV_AZURE_10;CKV_AZURE_29;CKV_AZURE_147;CKV_AZURE_68;CKV_AZURE_29;CKV_AZURE_147;CKV_AZURE_68;CKV_AZURE_137;CKV_AZURE_44;CKV_AZURE_3;CKV_AZURE_4;CKV_AZURE_143;CKV_AZURE_160;CKV_AZURE_9;CKV_AZURE_77;CKV_AZURE_10;CKV_AZURE_9;CKV_AZURE_77;CKV_AZURE_10;CKV_AZURE_44;CKV_AZURE_3;CKV_AZURE_44;CKV_AZURE_3;CKV_AZURE_34;CKV_AZURE_34;CKV_AZURE_3;CKV_AZURE_3;CKV_AZURE_3;CKV2_AZURE_8;CKV2_AZURE_8,CKV_AZURE_139;CKV_AZURE_18;CKV_AZURE_130;CKV_AZURE_130;CKV_AZURE_139;CKV_AZURE_101;CKV_AZURE_59;CKV_AZURE_33;CKV_AZURE_117;CKV_AZURE_141;CKV_AZURE_160;CKV_AZURE_59;CKV_AZURE_33;CKV_AZURE_59;CKV_AZURE_33;CKV_AZURE_59;CKV_AZURE_44;CKV_AZURE_33;CKV_AZURE_59;CKV_AZURE_44;CKV_AZURE_33;CKV_AZURE_59;CKV_AZURE_44;CKV_AZURE_33;CKV2_AZURE_1;CKV2_AZURE_1;CKV2_AZURE_1;CKV2_AZURE_1;CKV2_AZURE_1;CKV2_AZURE_1;CKV2_AZURE_18;CKV2_AZURE_18;CKV2_AZURE_18;CKV2_AZURE_18;CKV2_AZURE_18;CKV2_AZURE_18;CKV2_AZURE_20;CKV2_AZURE_21;CKV2_AZURE_21,2023-02-20 15:15:31.695891
microsoft/AzureTRE,221,142,CKV_AZURE_3;CKV_AZURE_3;CKV_AZURE_3;CKV_AZURE_3;CKV_AZURE_3;CKV_AZURE_3;CKV_AZURE_15;CKV_AZURE_14;CKV_AZURE_18;CKV_AZURE_3;CKV_AZURE_3;CKV_AZURE_160;CKV_AZURE_9;CKV_AZURE_77;CKV_AZURE_10;CKV_AZURE_9;CKV_AZURE_77;CKV_AZURE_10;CKV_AZURE_160;CKV_AZURE_9;CKV_AZURE_77;CKV_AZURE_10;CKV_AZURE_3;CKV_AZURE_3;CKV_AZURE_118;CKV_AZURE_3;CKV_AZURE_45;CKV_AZURE_118;CKV_AZURE_3;CKV_AZURE_15;CKV_AZURE_14;CKV_AZURE_28;CKV_AZURE_53;CKV_AZURE_54;CKV_AZURE_118;CKV_AZURE_137;CKV_AZURE_139;CKV_AZURE_160;CKV_AZURE_9;CKV_AZURE_77;CKV_AZURE_10;CKV_AZURE_160;CKV_AZURE_9;CKV_AZURE_77;CKV_AZURE_10;CKV_AZURE_160;CKV_AZURE_9;CKV_AZURE_77;CKV_AZURE_10;CKV_AZURE_160;CKV_AZURE_9;CKV_AZURE_77;CKV_AZURE_10;CKV_AZURE_160;CKV_AZURE_9;CKV_AZURE_77;CKV_AZURE_10;CKV_AZURE_160;CKV_AZURE_9;CKV_AZURE_77;CKV_AZURE_10;CKV_AZURE_160;CKV_AZURE_9;CKV_AZURE_77;CKV_AZURE_10;CKV_AZURE_160;CKV_AZURE_9;CKV_AZURE_77;CKV_AZURE_10;CKV_AZURE_160;CKV_AZURE_9;CKV_AZURE_77;CKV_AZURE_10;CKV_AZURE_160;CKV_AZURE_9;CKV_AZURE_77;CKV_AZURE_10;CKV_AZURE_160;CKV_AZURE_9;CKV_AZURE_77;CKV_AZURE_10;CKV_AZURE_160;CKV_AZURE_9;CKV_AZURE_77;CKV_AZURE_10;CKV_AZURE_160;CKV_AZURE_9;CKV_AZURE_77;CKV_AZURE_10;CKV_AZURE_160;CKV_AZURE_9;CKV_AZURE_77;CKV_AZURE_10;CKV_AZURE_3;CKV_AZURE_160;CKV_AZURE_9;CKV_AZURE_77;CKV_AZURE_10;CKV_AZURE_15;CKV_AZURE_14;CKV_AZURE_28;CKV_AZURE_53;CKV_AZURE_54;CKV_AZURE_3;CKV_AZURE_15;CKV_AZURE_14;CKV_AZURE_18;CKV_AZURE_118;CKV_AZURE_160;CKV_AZURE_9;CKV_AZURE_77;CKV_AZURE_10;CKV_AZURE_160;CKV_AZURE_9;CKV_AZURE_77;CKV_AZURE_10;CKV_AZURE_160;CKV_AZURE_9;CKV_AZURE_77;CKV_AZURE_10;CKV_AZURE_160;CKV_AZURE_9;CKV_AZURE_77;CKV_AZURE_10;CKV_AZURE_160;CKV_AZURE_9;CKV_AZURE_77;CKV_AZURE_10;CKV_AZURE_118;CKV_AZURE_118;CKV_AZURE_118;CKV_AZURE_15;CKV_AZURE_14;CKV_AZURE_81;CKV_AZURE_18;CKV_AZURE_83;CKV_AZURE_82;CKV_AZURE_29;CKV_AZURE_147;CKV_AZURE_68;CKV_AZURE_34;CKV_AZURE_15;CKV_AZURE_14;CKV_AZURE_18;CKV_AZURE_28;CKV_AZURE_53;CKV_AZURE_54;CKV_AZURE_3;CKV_AZURE_3;CKV_AZURE_3;CKV_AZURE_3;CKV_AZURE_3;CKV_AZURE_3;CKV_AZURE_160;CKV_AZURE_9;CKV_AZURE_77;CKV_AZURE_10;CKV_AZURE_160;CKV_AZURE_9;CKV_AZURE_77;CKV_AZURE_10;CKV_AZURE_160;CKV_AZURE_9;CKV_AZURE_77;CKV_AZURE_10;CKV_AZURE_160;CKV_AZURE_9;CKV_AZURE_77;CKV_AZURE_10;CKV_AZURE_160;CKV_AZURE_9;CKV_AZURE_77;CKV_AZURE_10;CKV_AZURE_160;CKV_AZURE_9;CKV_AZURE_77;CKV_AZURE_10;CKV_AZURE_160;CKV_AZURE_9;CKV_AZURE_77;CKV_AZURE_10;CKV_AZURE_160;CKV_AZURE_9;CKV_AZURE_77;CKV_AZURE_10;CKV_AZURE_160;CKV_AZURE_9;CKV_AZURE_77;CKV_AZURE_10;CKV_AZURE_160;CKV_AZURE_9;CKV_AZURE_77;CKV_AZURE_10;CKV_AZURE_160;CKV_AZURE_9;CKV_AZURE_77;CKV_AZURE_10;CKV_AZURE_160;CKV_AZURE_9;CKV_AZURE_77;CKV_AZURE_10;CKV_AZURE_160;CKV_AZURE_9;CKV_AZURE_77;CKV_AZURE_10;CKV_AZURE_160;CKV_AZURE_9;CKV_AZURE_77;CKV_AZURE_10;CKV_AZURE_3;CKV_AZURE_34;CKV_AZURE_119;CKV_AZURE_119;CKV_AZURE_119;CKV_AZURE_119;CKV_AZURE_119;CKV_AZURE_119;CKV_AZURE_119;CKV2_AZURE_8;CKV2_AZURE_8;CKV2_AZURE_14,CKV_AZURE_59;CKV_AZURE_44;CKV_AZURE_33;CKV_AZURE_59;CKV_AZURE_44;CKV_AZURE_33;CKV_AZURE_59;CKV_AZURE_44;CKV_AZURE_33;CKV_AZURE_59;CKV_AZURE_44;CKV_AZURE_33;CKV_AZURE_59;CKV_AZURE_44;CKV_AZURE_33;CKV_AZURE_59;CKV_AZURE_44;CKV_AZURE_33;CKV_AZURE_59;CKV_AZURE_44;CKV_AZURE_33;CKV_AZURE_59;CKV_AZURE_44;CKV_AZURE_33;CKV_AZURE_101;CKV_AZURE_160;CKV_AZURE_97;CKV_AZURE_178;CKV_AZURE_49;CKV_AZURE_205;CKV_AZURE_204;CKV_AZURE_101;CKV_AZURE_59;CKV_AZURE_44;CKV_AZURE_33;CKV_AZURE_59;CKV_AZURE_44;CKV_AZURE_33;CKV_AZURE_137;CKV_AZURE_139;CKV_AZURE_177;CKV_AZURE_151;CKV_AZURE_59;CKV_AZURE_44;CKV_AZURE_33;CKV_AZURE_1;CKV_AZURE_59;CKV_AZURE_44;CKV_AZURE_33;CKV_AZURE_18;CKV_AZURE_96;CKV_AZURE_1;CKV_AZURE_178;CKV_AZURE_59;CKV_AZURE_44;CKV_AZURE_33;CKV_AZURE_18;CKV_AZURE_96;CKV_AZURE_59;CKV_AZURE_44;CKV_AZURE_33;CKV_AZURE_177;CKV_AZURE_151;CKV_AZURE_177;CKV_AZURE_151;CKV_AZURE_1;CKV_AZURE_178;CKV_AZURE_177;CKV_AZURE_151;CKV_AZURE_80;CKV_AZURE_130;CKV_AZURE_96;CKV_AZURE_59;CKV_AZURE_44;CKV_AZURE_33;CKV_AZURE_59;CKV_AZURE_44;CKV_AZURE_33;CKV_AZURE_59;CKV_AZURE_44;CKV_AZURE_33;CKV_AZURE_59;CKV_AZURE_44;CKV_AZURE_33;CKV_AZURE_59;CKV_AZURE_44;CKV_AZURE_33;CKV_AZURE_59;CKV_AZURE_44;CKV_AZURE_33;CKV_AZURE_59;CKV_AZURE_44;CKV_AZURE_33;CKV2_AZURE_1;CKV2_AZURE_1;CKV2_AZURE_1;CKV2_AZURE_1;CKV2_AZURE_1;CKV2_AZURE_1;CKV2_AZURE_1;CKV2_AZURE_1;CKV2_AZURE_1;CKV2_AZURE_1;CKV2_AZURE_1;CKV2_AZURE_1;CKV2_AZURE_1;CKV2_AZURE_1;CKV2_AZURE_1;CKV2_AZURE_1;CKV2_AZURE_1;CKV2_AZURE_1;CKV2_AZURE_1;CKV2_AZURE_1;CKV2_AZURE_1;CKV2_AZURE_18;CKV2_AZURE_18;CKV2_AZURE_18;CKV2_AZURE_18;CKV2_AZURE_18;CKV2_AZURE_18;CKV2_AZURE_18;CKV2_AZURE_18;CKV2_AZURE_18;CKV2_AZURE_18;CKV2_AZURE_18;CKV2_AZURE_18;CKV2_AZURE_18;CKV2_AZURE_18;CKV2_AZURE_18;CKV2_AZURE_18;CKV2_AZURE_18;CKV2_AZURE_18;CKV2_AZURE_18;CKV2_AZURE_18;CKV2_AZURE_18;CKV2_AZURE_16;CKV2_AZURE_16;CKV2_AZURE_16;CKV2_AZURE_21;CKV2_AZURE_21;CKV_AZURE_120;CKV_AZURE_120,2023-02-20 15:16:10.393201
ComputeCanada/magic_castle,8,2,CKV_AZURE_1;CKV_AZURE_178;CKV_AZURE_2;CKV_AZURE_160;CKV_AZURE_9;CKV_AZURE_77;CKV_AZURE_10;CKV_AZURE_118,CKV_AZURE_93;CKV_AZURE_119,2023-02-20 15:16:21.750736
hashicorp/hashicat-azure,3,5,CKV_AZURE_9;CKV_AZURE_77;CKV_AZURE_118,CKV_AZURE_160;CKV_AZURE_10;CKV_AZURE_1;CKV_AZURE_178;CKV_AZURE_119,2023-02-20 15:16:27.287521
sassoftware/viya4-iac-azure,17,5,CKV_AZURE_160;CKV_AZURE_9;CKV_AZURE_77;CKV_AZURE_10;CKV_AZURE_4;CKV_AZURE_143;CKV_AZURE_118;CKV_AZURE_1;CKV_AZURE_178;CKV_AZURE_118;CKV_AZURE_2;CKV_AZURE_1;CKV_AZURE_178;CKV_AZURE_160;CKV_AZURE_9;CKV_AZURE_77;CKV_AZURE_10,CKV_AZURE_117;CKV_AZURE_141;CKV_AZURE_93;CKV_AZURE_119;CKV_AZURE_119,2023-02-20 15:16:51.782840
jakewalsh90/Terraform-Azure,112,68,CKV_AZURE_160;CKV_AZURE_9;CKV_AZURE_77;CKV_AZURE_10;CKV_AZURE_118;CKV_AZURE_2;CKV_AZURE_160;CKV_AZURE_9;CKV_AZURE_77;CKV_AZURE_10;CKV_AZURE_118;CKV_AZURE_160;CKV_AZURE_9;CKV_AZURE_77;CKV_AZURE_10;CKV_AZURE_160;CKV_AZURE_77;CKV_AZURE_10;CKV_AZURE_118;CKV_AZURE_2;CKV_AZURE_160;CKV_AZURE_9;CKV_AZURE_77;CKV_AZURE_10;CKV_AZURE_118;CKV_AZURE_2;CKV_AZURE_160;CKV_AZURE_9;CKV_AZURE_77;CKV_AZURE_10;CKV_AZURE_160;CKV_AZURE_9;CKV_AZURE_77;CKV_AZURE_10;CKV_AZURE_118;CKV_AZURE_118;CKV_AZURE_2;CKV_AZURE_2;CKV_AZURE_118;CKV_AZURE_118;CKV_AZURE_118;CKV_AZURE_160;CKV_AZURE_9;CKV_AZURE_77;CKV_AZURE_10;CKV_AZURE_160;CKV_AZURE_9;CKV_AZURE_77;CKV_AZURE_10;CKV_AZURE_118;CKV_AZURE_118;CKV_AZURE_160;CKV_AZURE_9;CKV_AZURE_77;CKV_AZURE_10;CKV_AZURE_118;CKV_AZURE_118;CKV_AZURE_160;CKV_AZURE_9;CKV_AZURE_77;CKV_AZURE_10;CKV_AZURE_160;CKV_AZURE_9;CKV_AZURE_77;CKV_AZURE_10;CKV_AZURE_118;CKV_AZURE_118;CKV_AZURE_2;CKV_AZURE_2;CKV_AZURE_160;CKV_AZURE_9;CKV_AZURE_77;CKV_AZURE_10;CKV_AZURE_160;CKV_AZURE_9;CKV_AZURE_77;CKV_AZURE_10;CKV_AZURE_118;CKV_AZURE_2;CKV_AZURE_177;CKV_AZURE_160;CKV_AZURE_9;CKV_AZURE_77;CKV_AZURE_10;CKV_AZURE_118;CKV_AZURE_118;CKV_AZURE_2;CKV_AZURE_160;CKV_AZURE_9;CKV_AZURE_77;CKV_AZURE_10;CKV_AZURE_118;CKV_AZURE_2;CKV_AZURE_77;CKV_AZURE_10;CKV_AZURE_118;CKV_AZURE_2;CKV_AZURE_160;CKV_AZURE_77;CKV_AZURE_10;CKV_AZURE_160;CKV_AZURE_77;CKV_AZURE_10;CKV_AZURE_118;CKV_AZURE_118;CKV_AZURE_119;CKV_AZURE_119;CKV_AZURE_119;CKV_AZURE_119;CKV_AZURE_119;CKV_AZURE_119;CKV_AZURE_119,CKV_AZURE_93;CKV_AZURE_177;CKV_AZURE_151;CKV_AZURE_1;CKV_AZURE_178;CKV_AZURE_9;CKV_AZURE_93;CKV_AZURE_177;CKV_AZURE_151;CKV_AZURE_93;CKV_AZURE_177;CKV_AZURE_151;CKV_AZURE_93;CKV_AZURE_93;CKV_AZURE_177;CKV_AZURE_151;CKV_AZURE_177;CKV_AZURE_151;CKV_AZURE_177;CKV_AZURE_151;CKV_AZURE_177;CKV_AZURE_151;CKV_AZURE_177;CKV_AZURE_151;CKV_AZURE_177;CKV_AZURE_151;CKV_AZURE_93;CKV_AZURE_93;CKV_AZURE_177;CKV_AZURE_151;CKV_AZURE_177;CKV_AZURE_151;CKV_AZURE_93;CKV_AZURE_151;CKV_AZURE_93;CKV_AZURE_177;CKV_AZURE_151;CKV_AZURE_1;CKV_AZURE_178;CKV_AZURE_93;CKV_AZURE_177;CKV_AZURE_151;CKV_AZURE_160;CKV_AZURE_9;CKV_AZURE_93;CKV_AZURE_177;CKV_AZURE_151;CKV_AZURE_9;CKV_AZURE_9;CKV_AZURE_177;CKV_AZURE_151;CKV_AZURE_177;CKV_AZURE_151;CKV_AZURE_119;CKV_AZURE_119;CKV_AZURE_119;CKV_AZURE_119;CKV_AZURE_119;CKV_AZURE_119;CKV_AZURE_119;CKV_AZURE_119;CKV_AZURE_119;CKV_AZURE_119;CKV_AZURE_119;CKV_AZURE_119;CKV_AZURE_119;CKV_AZURE_119;CKV_AZURE_119,2023-02-20 15:17:02.858343
hashicorp/terraform-azurerm-terraform-enterprise,137,142,CKV_AZURE_118;CKV_AZURE_160;CKV_AZURE_9;CKV_AZURE_77;CKV_AZURE_1;CKV_AZURE_178;CKV_AZURE_10;CKV_AZURE_77;CKV_AZURE_118;CKV_AZURE_1;CKV_AZURE_178;CKV_AZURE_160;CKV_AZURE_9;CKV_AZURE_77;CKV_AZURE_10;CKV_AZURE_160;CKV_AZURE_9;CKV_AZURE_77;CKV_AZURE_10;CKV_AZURE_160;CKV_AZURE_9;CKV_AZURE_77;CKV_AZURE_10;CKV_AZURE_160;CKV_AZURE_9;CKV_AZURE_77;CKV_AZURE_10;CKV_AZURE_160;CKV_AZURE_9;CKV_AZURE_77;CKV_AZURE_10;CKV_AZURE_160;CKV_AZURE_9;CKV_AZURE_77;CKV_AZURE_10;CKV_AZURE_160;CKV_AZURE_9;CKV_AZURE_77;CKV_AZURE_10;CKV_AZURE_160;CKV_AZURE_9;CKV_AZURE_77;CKV_AZURE_10;CKV_AZURE_160;CKV_AZURE_9;CKV_AZURE_77;CKV_AZURE_10;CKV_AZURE_160;CKV_AZURE_9;CKV_AZURE_77;CKV_AZURE_10;CKV_AZURE_160;CKV_AZURE_9;CKV_AZURE_77;CKV_AZURE_10;CKV_AZURE_160;CKV_AZURE_9;CKV_AZURE_77;CKV_AZURE_10;CKV_AZURE_160;CKV_AZURE_9;CKV_AZURE_77;CKV_AZURE_10;CKV_AZURE_160;CKV_AZURE_9;CKV_AZURE_77;CKV_AZURE_10;CKV_AZURE_160;CKV_AZURE_9;CKV_AZURE_77;CKV_AZURE_10;CKV_AZURE_160;CKV_AZURE_9;CKV_AZURE_77;CKV_AZURE_10;CKV_AZURE_160;CKV_AZURE_9;CKV_AZURE_77;CKV_AZURE_160;CKV_AZURE_9;CKV_AZURE_77;CKV_AZURE_10;CKV_AZURE_3;CKV_AZURE_34;CKV_AZURE_3;CKV_AZURE_34;CKV_AZURE_3;CKV_AZURE_34;CKV_AZURE_3;CKV_AZURE_34;CKV_AZURE_3;CKV_AZURE_34;CKV_AZURE_3;CKV_AZURE_34;CKV_AZURE_3;CKV_AZURE_34;CKV_AZURE_3;CKV_AZURE_34;CKV_AZURE_3;CKV_AZURE_34;CKV_AZURE_3;CKV_AZURE_3;CKV_AZURE_3;CKV_AZURE_3;CKV_AZURE_3;CKV_AZURE_3;CKV_AZURE_3;CKV_AZURE_3;CKV_AZURE_3;CKV_AZURE_178;CKV_AZURE_178;CKV_AZURE_178;CKV_AZURE_178;CKV_AZURE_178;CKV_AZURE_178;CKV_AZURE_178;CKV_AZURE_178;CKV_AZURE_178;CKV_AZURE_119;CKV2_AZURE_8;CKV2_AZURE_8;CKV2_AZURE_8;CKV2_AZURE_8;CKV2_AZURE_8;CKV2_AZURE_8;CKV2_AZURE_8;CKV2_AZURE_8;CKV2_AZURE_8;CKV_AZURE_120;CKV_AZURE_120;CKV_AZURE_120;CKV_AZURE_120;CKV_AZURE_120;CKV_AZURE_120;CKV_AZURE_120;CKV_AZURE_120;CKV_AZURE_120,CKV_AZURE_10;CKV_AZURE_160;CKV_AZURE_9;CKV_AZURE_10;CKV_AZURE_10;CKV_AZURE_10;CKV_AZURE_59;CKV_AZURE_44;CKV_AZURE_33;CKV_AZURE_59;CKV_AZURE_44;CKV_AZURE_33;CKV_AZURE_59;CKV_AZURE_44;CKV_AZURE_33;CKV_AZURE_59;CKV_AZURE_44;CKV_AZURE_33;CKV_AZURE_59;CKV_AZURE_44;CKV_AZURE_33;CKV_AZURE_59;CKV_AZURE_44;CKV_AZURE_33;CKV_AZURE_59;CKV_AZURE_44;CKV_AZURE_33;CKV_AZURE_59;CKV_AZURE_44;CKV_AZURE_33;CKV_AZURE_59;CKV_AZURE_44;CKV_AZURE_33;CKV_AZURE_148;CKV_AZURE_89;CKV_AZURE_148;CKV_AZURE_89;CKV_AZURE_148;CKV_AZURE_89;CKV_AZURE_148;CKV_AZURE_89;CKV_AZURE_148;CKV_AZURE_89;CKV_AZURE_148;CKV_AZURE_89;CKV_AZURE_148;CKV_AZURE_89;CKV_AZURE_148;CKV_AZURE_89;CKV_AZURE_148;CKV_AZURE_89;CKV_AZURE_59;CKV_AZURE_44;CKV_AZURE_33;CKV_AZURE_59;CKV_AZURE_44;CKV_AZURE_33;CKV_AZURE_59;CKV_AZURE_44;CKV_AZURE_33;CKV_AZURE_59;CKV_AZURE_44;CKV_AZURE_33;CKV_AZURE_59;CKV_AZURE_44;CKV_AZURE_33;CKV_AZURE_59;CKV_AZURE_44;CKV_AZURE_33;CKV_AZURE_59;CKV_AZURE_44;CKV_AZURE_33;CKV_AZURE_59;CKV_AZURE_44;CKV_AZURE_33;CKV_AZURE_59;CKV_AZURE_44;CKV_AZURE_33;CKV_AZURE_97;CKV_AZURE_49;CKV_AZURE_97;CKV_AZURE_49;CKV_AZURE_97;CKV_AZURE_49;CKV_AZURE_97;CKV_AZURE_49;CKV_AZURE_97;CKV_AZURE_49;CKV_AZURE_97;CKV_AZURE_49;CKV_AZURE_97;CKV_AZURE_49;CKV_AZURE_97;CKV_AZURE_49;CKV_AZURE_97;CKV_AZURE_49;CKV2_AZURE_1;CKV2_AZURE_1;CKV2_AZURE_1;CKV2_AZURE_1;CKV2_AZURE_1;CKV2_AZURE_1;CKV2_AZURE_1;CKV2_AZURE_1;CKV2_AZURE_1;CKV2_AZURE_1;CKV2_AZURE_1;CKV2_AZURE_1;CKV2_AZURE_1;CKV2_AZURE_1;CKV2_AZURE_1;CKV2_AZURE_1;CKV2_AZURE_1;CKV2_AZURE_1;CKV_AZURE_119;CKV2_AZURE_18;CKV2_AZURE_18;CKV2_AZURE_18;CKV2_AZURE_18;CKV2_AZURE_18;CKV2_AZURE_18;CKV2_AZURE_18;CKV2_AZURE_18;CKV2_AZURE_18;CKV2_AZURE_18;CKV2_AZURE_18;CKV2_AZURE_18;CKV2_AZURE_18;CKV2_AZURE_18;CKV2_AZURE_18;CKV2_AZURE_18;CKV2_AZURE_18;CKV2_AZURE_18;CKV2_AZURE_21;CKV2_AZURE_21;CKV2_AZURE_21;CKV2_AZURE_21;CKV2_AZURE_21;CKV2_AZURE_21;CKV2_AZURE_21;CKV2_AZURE_21;CKV2_AZURE_21,2023-02-20 15:17:19.868942
Azure/NoOpsAccelerator,118,91,CKV_AZURE_3;CKV_AZURE_34;CKV_AZURE_118;CKV_AZURE_160;CKV_AZURE_9;CKV_AZURE_77;CKV_AZURE_10;CKV_AZURE_160;CKV_AZURE_9;CKV_AZURE_77;CKV_AZURE_10;CKV_AZURE_160;CKV_AZURE_9;CKV_AZURE_77;CKV_AZURE_10;CKV_AZURE_160;CKV_AZURE_9;CKV_AZURE_77;CKV_AZURE_10;CKV_AZURE_160;CKV_AZURE_9;CKV_AZURE_77;CKV_AZURE_10;CKV_AZURE_160;CKV_AZURE_9;CKV_AZURE_77;CKV_AZURE_10;CKV_AZURE_160;CKV_AZURE_9;CKV_AZURE_77;CKV_AZURE_10;CKV_AZURE_160;CKV_AZURE_9;CKV_AZURE_77;CKV_AZURE_10;CKV_AZURE_160;CKV_AZURE_9;CKV_AZURE_77;CKV_AZURE_10;CKV_AZURE_160;CKV_AZURE_9;CKV_AZURE_77;CKV_AZURE_10;CKV_AZURE_160;CKV_AZURE_9;CKV_AZURE_77;CKV_AZURE_10;CKV_AZURE_160;CKV_AZURE_9;CKV_AZURE_77;CKV_AZURE_10;CKV_AZURE_160;CKV_AZURE_9;CKV_AZURE_77;CKV_AZURE_10;CKV_AZURE_160;CKV_AZURE_9;CKV_AZURE_77;CKV_AZURE_10;CKV_AZURE_160;CKV_AZURE_9;CKV_AZURE_77;CKV_AZURE_10;CKV_AZURE_44;CKV_AZURE_3;CKV_AZURE_148;CKV_AZURE_44;CKV_AZURE_3;CKV_AZURE_148;CKV_AZURE_44;CKV_AZURE_3;CKV_AZURE_148;CKV_AZURE_44;CKV_AZURE_3;CKV_AZURE_143;CKV_AZURE_44;CKV_AZURE_3;CKV_AZURE_148;CKV_AZURE_44;CKV_AZURE_3;CKV_AZURE_148;CKV_AZURE_44;CKV_AZURE_3;CKV_AZURE_33;CKV_AZURE_44;CKV_AZURE_3;CKV_AZURE_33;CKV_AZURE_44;CKV_AZURE_3;CKV_AZURE_33;CKV_AZURE_44;CKV_AZURE_3;CKV_AZURE_33;CKV_AZURE_44;CKV_AZURE_3;CKV_AZURE_33;CKV_AZURE_44;CKV_AZURE_3;CKV_AZURE_33;CKV_AZURE_44;CKV_AZURE_3;CKV_AZURE_33;CKV_AZURE_2;CKV_AZURE_2;CKV_AZURE_2;CKV_AZURE_118;CKV_AZURE_118;CKV_AZURE_118;CKV_AZURE_2;CKV_AZURE_118;CKV2_AZURE_8;CKV2_AZURE_8;CKV2_AZURE_8;CKV2_AZURE_8;CKV2_AZURE_8;CKV2_AZURE_8;CKV2_AZURE_8;CKV2_AZURE_8,CKV_AZURE_59;CKV_AZURE_44;CKV_AZURE_33;CKV_AZURE_59;CKV_AZURE_33;CKV_AZURE_89;CKV_AZURE_59;CKV_AZURE_33;CKV_AZURE_89;CKV_AZURE_59;CKV_AZURE_33;CKV_AZURE_89;CKV_AZURE_101;CKV_AZURE_59;CKV_AZURE_33;CKV_AZURE_89;CKV_AZURE_117;CKV_AZURE_4;CKV_AZURE_141;CKV_AZURE_59;CKV_AZURE_33;CKV_AZURE_89;CKV_AZURE_59;CKV_AZURE_33;CKV_AZURE_89;CKV_AZURE_34;CKV_AZURE_34;CKV_AZURE_34;CKV_AZURE_34;CKV_AZURE_34;CKV_AZURE_34;CKV_AZURE_34;CKV_AZURE_59;CKV_AZURE_59;CKV_AZURE_59;CKV_AZURE_59;CKV_AZURE_59;CKV_AZURE_59;CKV_AZURE_59;CKV_AZURE_93;CKV_AZURE_93;CKV_AZURE_93;CKV_AZURE_93;CKV2_AZURE_1;CKV2_AZURE_1;CKV2_AZURE_1;CKV2_AZURE_1;CKV2_AZURE_1;CKV2_AZURE_1;CKV2_AZURE_1;CKV2_AZURE_1;CKV2_AZURE_1;CKV2_AZURE_1;CKV2_AZURE_1;CKV2_AZURE_1;CKV2_AZURE_1;CKV2_AZURE_1;CKV_AZURE_119;CKV_AZURE_119;CKV_AZURE_119;CKV_AZURE_119;CKV2_AZURE_18;CKV2_AZURE_18;CKV2_AZURE_18;CKV2_AZURE_18;CKV2_AZURE_18;CKV2_AZURE_18;CKV2_AZURE_18;CKV2_AZURE_18;CKV2_AZURE_18;CKV2_AZURE_18;CKV2_AZURE_18;CKV2_AZURE_18;CKV2_AZURE_18;CKV2_AZURE_18;CKV2_AZURE_20;CKV2_AZURE_20;CKV2_AZURE_20;CKV2_AZURE_20;CKV2_AZURE_20;CKV2_AZURE_20;CKV2_AZURE_20;CKV_AZURE_120;CKV2_AZURE_21;CKV2_AZURE_21;CKV2_AZURE_21;CKV2_AZURE_21;CKV2_AZURE_21;CKV2_AZURE_21;CKV2_AZURE_21;CKV2_AZURE_21,2023-02-20 15:18:06.123223
PaloAltoNetworks/terraform-azurerm-vmseries-modules,50,35,CKV_AZURE_160;CKV_AZURE_9;CKV_AZURE_77;CKV_AZURE_10;CKV_AZURE_160;CKV_AZURE_9;CKV_AZURE_77;CKV_AZURE_10;CKV_AZURE_160;CKV_AZURE_9;CKV_AZURE_77;CKV_AZURE_10;CKV_AZURE_160;CKV_AZURE_9;CKV_AZURE_77;CKV_AZURE_10;CKV_AZURE_44;CKV_AZURE_3;CKV_AZURE_44;CKV_AZURE_3;CKV_AZURE_160;CKV_AZURE_9;CKV_AZURE_77;CKV_AZURE_10;CKV_AZURE_160;CKV_AZURE_9;CKV_AZURE_77;CKV_AZURE_10;CKV_AZURE_118;CKV_AZURE_45;CKV_AZURE_2;CKV_AZURE_45;CKV_AZURE_45;CKV_AZURE_45;CKV_AZURE_45;CKV_AZURE_45;CKV_AZURE_160;CKV_AZURE_9;CKV_AZURE_77;CKV_AZURE_10;CKV_AZURE_160;CKV_AZURE_9;CKV_AZURE_77;CKV_AZURE_10;CKV2_AZURE_14;CKV2_AZURE_14;CKV2_AZURE_14;CKV2_AZURE_14;CKV2_AZURE_14;CKV2_AZURE_14,CKV_AZURE_59;CKV_AZURE_33;CKV_AZURE_59;CKV_AZURE_33;CKV_AZURE_1;CKV_AZURE_93;CKV_AZURE_118;CKV_AZURE_1;CKV_AZURE_118;CKV_AZURE_1;CKV_AZURE_118;CKV_AZURE_1;CKV_AZURE_118;CKV_AZURE_1;CKV_AZURE_118;CKV_AZURE_1;CKV_AZURE_178;CKV_AZURE_49;CKV_AZURE_178;CKV_AZURE_49;CKV2_AZURE_1;CKV2_AZURE_1;CKV2_AZURE_1;CKV2_AZURE_1;CKV_AZURE_119;CKV_AZURE_119;CKV_AZURE_119;CKV_AZURE_119;CKV_AZURE_119;CKV_AZURE_119;CKV2_AZURE_18;CKV2_AZURE_18;CKV2_AZURE_18;CKV2_AZURE_18;CKV_AZURE_120,2023-02-20 15:18:21.696810
CDCgov/prime-simplereport,49,65,CKV_AZURE_44;CKV_AZURE_3;CKV_AZURE_197;CKV_AZURE_198;CKV_AZURE_44;CKV_AZURE_3;CKV_AZURE_44;CKV_AZURE_3;CKV_AZURE_44;CKV_AZURE_3;CKV_AZURE_44;CKV_AZURE_3;CKV_AZURE_44;CKV_AZURE_3;CKV_AZURE_44;CKV_AZURE_3;CKV_AZURE_44;CKV_AZURE_3;CKV_AZURE_34;CKV_AZURE_44;CKV_AZURE_3;CKV_AZURE_44;CKV_AZURE_3;CKV_AZURE_197;CKV_AZURE_198;CKV_AZURE_34;CKV_AZURE_15;CKV_AZURE_14;CKV_AZURE_118;CKV_AZURE_1;CKV_AZURE_45;CKV_AZURE_44;CKV_AZURE_3;CKV_AZURE_15;CKV_AZURE_14;CKV_AZURE_44;CKV_AZURE_3;CKV_AZURE_197;CKV_AZURE_198;CKV_AZURE_44;CKV_AZURE_3;CKV_AZURE_44;CKV_AZURE_3;CKV_AZURE_197;CKV_AZURE_198;CKV_AZURE_119;CKV2_AZURE_8;CKV2_AZURE_8;CKV2_AZURE_14,CKV_AZURE_59;CKV_AZURE_33;CKV_AZURE_59;CKV_AZURE_33;CKV_AZURE_59;CKV_AZURE_33;CKV_AZURE_59;CKV_AZURE_33;CKV_AZURE_59;CKV_AZURE_33;CKV_AZURE_59;CKV_AZURE_33;CKV_AZURE_59;CKV_AZURE_33;CKV_AZURE_59;CKV_AZURE_33;CKV_AZURE_137;CKV_AZURE_139;CKV_AZURE_59;CKV_AZURE_33;CKV_AZURE_59;CKV_AZURE_33;CKV_AZURE_18;CKV_AZURE_59;CKV_AZURE_33;CKV_AZURE_18;CKV_AZURE_59;CKV_AZURE_33;CKV_AZURE_59;CKV_AZURE_33;CKV_AZURE_59;CKV_AZURE_33;CKV2_AZURE_1;CKV2_AZURE_1;CKV2_AZURE_1;CKV2_AZURE_1;CKV2_AZURE_1;CKV2_AZURE_1;CKV2_AZURE_1;CKV2_AZURE_1;CKV2_AZURE_1;CKV2_AZURE_1;CKV2_AZURE_1;CKV2_AZURE_1;CKV2_AZURE_1;CKV2_AZURE_1;CKV2_AZURE_18;CKV2_AZURE_18;CKV2_AZURE_18;CKV2_AZURE_18;CKV2_AZURE_18;CKV2_AZURE_18;CKV2_AZURE_18;CKV2_AZURE_18;CKV2_AZURE_18;CKV2_AZURE_18;CKV2_AZURE_18;CKV2_AZURE_18;CKV2_AZURE_18;CKV2_AZURE_18;CKV2_AZURE_21;CKV2_AZURE_21;CKV_AZURE_120;CKV_AZURE_120;CKV_AZURE_120,2023-02-20 15:19:06.422093
mrsimonemms/gitpod-self-hosted,17,7,CKV_AZURE_28;CKV_AZURE_54;CKV_AZURE_11;CKV_AZURE_160;CKV_AZURE_9;CKV_AZURE_77;CKV_AZURE_10;CKV_AZURE_160;CKV_AZURE_9;CKV_AZURE_77;CKV_AZURE_10;CKV_AZURE_118;CKV_AZURE_118;CKV_AZURE_1;CKV_AZURE_178;CKV_AZURE_1;CKV_AZURE_178,CKV_AZURE_53;CKV_AZURE_96;CKV_AZURE_137;CKV_AZURE_139;CKV_AZURE_119;CKV_AZURE_119;CKV2_AZURE_16,2023-02-20 15:19:13.048258
microsoft/planetary-computer-hub,6,10,CKV_AZURE_4;CKV_AZURE_143;CKV_AZURE_9;CKV_AZURE_77;CKV_AZURE_10;CKV_AZURE_3,CKV_AZURE_137;CKV_AZURE_139;CKV_AZURE_117;CKV_AZURE_141;CKV_AZURE_160;CKV_AZURE_59;CKV_AZURE_44;CKV_AZURE_33;CKV2_AZURE_1;CKV2_AZURE_18,2023-02-20 15:19:18.993116
databricks/terraform-databricks-examples,114,53,CKV_AZURE_3;CKV_AZURE_3;CKV_AZURE_160;CKV_AZURE_9;CKV_AZURE_77;CKV_AZURE_10;CKV_AZURE_3;CKV_AZURE_160;CKV_AZURE_9;CKV_AZURE_77;CKV_AZURE_10;CKV_AZURE_118;CKV_AZURE_1;CKV_AZURE_178;CKV_AZURE_2;CKV_AZURE_160;CKV_AZURE_9;CKV_AZURE_77;CKV_AZURE_160;CKV_AZURE_9;CKV_AZURE_77;CKV_AZURE_10;CKV_AZURE_118;CKV_AZURE_160;CKV_AZURE_9;CKV_AZURE_77;CKV_AZURE_10;CKV_AZURE_160;CKV_AZURE_9;CKV_AZURE_77;CKV_AZURE_10;CKV_AZURE_160;CKV_AZURE_9;CKV_AZURE_77;CKV_AZURE_10;CKV_AZURE_160;CKV_AZURE_9;CKV_AZURE_77;CKV_AZURE_10;CKV_AZURE_160;CKV_AZURE_9;CKV_AZURE_77;CKV_AZURE_10;CKV_AZURE_160;CKV_AZURE_9;CKV_AZURE_77;CKV_AZURE_10;CKV_AZURE_160;CKV_AZURE_9;CKV_AZURE_77;CKV_AZURE_10;CKV_AZURE_160;CKV_AZURE_9;CKV_AZURE_77;CKV_AZURE_10;CKV_AZURE_3;CKV_AZURE_118;CKV_AZURE_1;CKV_AZURE_178;CKV_AZURE_160;CKV_AZURE_9;CKV_AZURE_77;CKV_AZURE_10;CKV_AZURE_118;CKV_AZURE_1;CKV_AZURE_178;CKV_AZURE_3;CKV_AZURE_160;CKV_AZURE_9;CKV_AZURE_77;CKV_AZURE_10;CKV_AZURE_160;CKV_AZURE_9;CKV_AZURE_77;CKV_AZURE_10;CKV_AZURE_160;CKV_AZURE_9;CKV_AZURE_77;CKV_AZURE_160;CKV_AZURE_9;CKV_AZURE_77;CKV_AZURE_10;CKV_AZURE_160;CKV_AZURE_9;CKV_AZURE_77;CKV_AZURE_10;CKV_AZURE_160;CKV_AZURE_9;CKV_AZURE_77;CKV_AZURE_10;CKV_AZURE_160;CKV_AZURE_9;CKV_AZURE_77;CKV_AZURE_10;CKV_AZURE_3;CKV_AZURE_118;CKV_AZURE_1;CKV_AZURE_45;CKV_AZURE_118;CKV_AZURE_1;CKV_AZURE_178;CKV_AZURE_2;CKV_AZURE_160;CKV_AZURE_9;CKV_AZURE_77;CKV_AZURE_160;CKV_AZURE_9;CKV_AZURE_77;CKV_AZURE_10;CKV_AZURE_3;CKV_AZURE_34;CKV2_AZURE_8;CKV2_AZURE_8;CKV2_AZURE_14,CKV_AZURE_59;CKV_AZURE_44;CKV_AZURE_33;CKV_AZURE_59;CKV_AZURE_44;CKV_AZURE_33;CKV_AZURE_59;CKV_AZURE_44;CKV_AZURE_33;CKV_AZURE_113;CKV_AZURE_52;CKV_AZURE_93;CKV_AZURE_10;CKV_AZURE_177;CKV_AZURE_151;CKV_AZURE_59;CKV_AZURE_44;CKV_AZURE_33;CKV_AZURE_34;CKV_AZURE_59;CKV_AZURE_44;CKV_AZURE_33;CKV_AZURE_10;CKV_AZURE_59;CKV_AZURE_44;CKV_AZURE_33;CKV_AZURE_93;CKV_AZURE_10;CKV_AZURE_59;CKV_AZURE_44;CKV_AZURE_33;CKV2_AZURE_1;CKV2_AZURE_1;CKV2_AZURE_1;CKV2_AZURE_1;CKV2_AZURE_1;CKV2_AZURE_1;CKV2_AZURE_1;CKV_AZURE_119;CKV_AZURE_119;CKV_AZURE_119;CKV_AZURE_119;CKV_AZURE_119;CKV_AZURE_119;CKV2_AZURE_18;CKV2_AZURE_18;CKV2_AZURE_18;CKV2_AZURE_18;CKV2_AZURE_18;CKV2_AZURE_18;CKV2_AZURE_18;CKV2_AZURE_21;CKV2_AZURE_21,2023-02-20 15:19:32.795585
MangoInstantMessenger/MangoMessengerAPI,4,10,CKV_AZURE_3;CKV_AZURE_15;CKV_AZURE_14;CKV2_AZURE_8,CKV_AZURE_113;CKV_AZURE_52;CKV_AZURE_59;CKV_AZURE_44;CKV_AZURE_33;CKV_AZURE_34;CKV_AZURE_18;CKV2_AZURE_1;CKV2_AZURE_21;CKV2_AZURE_18,2023-02-20 15:19:50.233939
asean-rssa/tf_azure_deployment,123,79,CKV_AZURE_118;CKV_AZURE_1;CKV_AZURE_178;CKV_AZURE_3;CKV_AZURE_160;CKV_AZURE_9;CKV_AZURE_77;CKV_AZURE_10;CKV_AZURE_3;CKV_AZURE_3;CKV_AZURE_160;CKV_AZURE_9;CKV_AZURE_77;CKV_AZURE_10;CKV_AZURE_3;CKV_AZURE_160;CKV_AZURE_9;CKV_AZURE_77;CKV_AZURE_10;CKV_AZURE_118;CKV_AZURE_160;CKV_AZURE_9;CKV_AZURE_77;CKV_AZURE_10;CKV_AZURE_160;CKV_AZURE_9;CKV_AZURE_77;CKV_AZURE_10;CKV_AZURE_160;CKV_AZURE_9;CKV_AZURE_77;CKV_AZURE_10;CKV_AZURE_160;CKV_AZURE_9;CKV_AZURE_77;CKV_AZURE_10;CKV_AZURE_160;CKV_AZURE_9;CKV_AZURE_77;CKV_AZURE_10;CKV_AZURE_160;CKV_AZURE_9;CKV_AZURE_77;CKV_AZURE_10;CKV_AZURE_160;CKV_AZURE_9;CKV_AZURE_77;CKV_AZURE_10;CKV_AZURE_160;CKV_AZURE_9;CKV_AZURE_77;CKV_AZURE_10;CKV_AZURE_3;CKV_AZURE_3;CKV_AZURE_160;CKV_AZURE_9;CKV_AZURE_77;CKV_AZURE_10;CKV_AZURE_3;CKV_AZURE_118;CKV_AZURE_1;CKV_AZURE_178;CKV_AZURE_160;CKV_AZURE_9;CKV_AZURE_77;CKV_AZURE_10;CKV_AZURE_3;CKV_AZURE_3;CKV_AZURE_118;CKV_AZURE_1;CKV_AZURE_178;CKV_AZURE_160;CKV_AZURE_9;CKV_AZURE_77;CKV_AZURE_10;CKV_AZURE_160;CKV_AZURE_9;CKV_AZURE_77;CKV_AZURE_10;CKV_AZURE_160;CKV_AZURE_9;CKV_AZURE_77;CKV_AZURE_3;CKV_AZURE_34;CKV_AZURE_118;CKV_AZURE_1;CKV_AZURE_178;CKV_AZURE_3;CKV_AZURE_160;CKV_AZURE_9;CKV_AZURE_77;CKV_AZURE_10;CKV_AZURE_160;CKV_AZURE_9;CKV_AZURE_77;CKV_AZURE_10;CKV_AZURE_160;CKV_AZURE_9;CKV_AZURE_77;CKV_AZURE_160;CKV_AZURE_9;CKV_AZURE_77;CKV_AZURE_10;CKV_AZURE_160;CKV_AZURE_9;CKV_AZURE_77;CKV_AZURE_10;CKV_AZURE_160;CKV_AZURE_9;CKV_AZURE_77;CKV_AZURE_10;CKV_AZURE_160;CKV_AZURE_9;CKV_AZURE_77;CKV_AZURE_10;CKV_AZURE_3;CKV_AZURE_118;CKV_AZURE_1;CKV_AZURE_45;CKV2_AZURE_8;CKV2_AZURE_8;CKV2_AZURE_8;CKV2_AZURE_14,CKV_AZURE_59;CKV_AZURE_44;CKV_AZURE_33;CKV_AZURE_34;CKV_AZURE_59;CKV_AZURE_44;CKV_AZURE_33;CKV_AZURE_59;CKV_AZURE_44;CKV_AZURE_33;CKV_AZURE_59;CKV_AZURE_44;CKV_AZURE_33;CKV_AZURE_113;CKV_AZURE_52;CKV_AZURE_177;CKV_AZURE_151;CKV_AZURE_59;CKV_AZURE_44;CKV_AZURE_33;CKV_AZURE_59;CKV_AZURE_44;CKV_AZURE_33;CKV_AZURE_59;CKV_AZURE_44;CKV_AZURE_33;CKV_AZURE_34;CKV_AZURE_59;CKV_AZURE_44;CKV_AZURE_33;CKV_AZURE_113;CKV_AZURE_52;CKV_AZURE_59;CKV_AZURE_44;CKV_AZURE_33;CKV_AZURE_10;CKV_AZURE_59;CKV_AZURE_44;CKV_AZURE_33;CKV_AZURE_59;CKV_AZURE_44;CKV_AZURE_33;CKV_AZURE_10;CKV_AZURE_59;CKV_AZURE_44;CKV_AZURE_33;CKV2_AZURE_1;CKV2_AZURE_1;CKV2_AZURE_1;CKV2_AZURE_1;CKV2_AZURE_1;CKV2_AZURE_1;CKV2_AZURE_1;CKV2_AZURE_1;CKV2_AZURE_1;CKV2_AZURE_1;CKV2_AZURE_1;CKV2_AZURE_1;CKV_AZURE_119;CKV_AZURE_119;CKV_AZURE_119;CKV_AZURE_119;CKV_AZURE_119;CKV_AZURE_119;CKV2_AZURE_18;CKV2_AZURE_18;CKV2_AZURE_18;CKV2_AZURE_18;CKV2_AZURE_18;CKV2_AZURE_18;CKV2_AZURE_18;CKV2_AZURE_18;CKV2_AZURE_18;CKV2_AZURE_18;CKV2_AZURE_18;CKV2_AZURE_18;CKV2_AZURE_21;CKV2_AZURE_21;CKV2_AZURE_21,2023-02-20 15:20:01.024812
equinor/radix-platform,4,12,CKV_AZURE_3;CKV_AZURE_33;CKV_AZURE_3;CKV_AZURE_33,CKV_AZURE_113;CKV_AZURE_52;CKV_AZURE_59;CKV_AZURE_44;CKV_AZURE_113;CKV_AZURE_52;CKV_AZURE_59;CKV_AZURE_44;CKV2_AZURE_1;CKV2_AZURE_1;CKV2_AZURE_18;CKV2_AZURE_18,2023-02-20 15:20:24.225693
Azure/azure-data-labs-modules,63,32,CKV_AZURE_143;CKV_AZURE_143;CKV_AZURE_124;CKV_AZURE_139;CKV_AZURE_101;CKV_AZURE_101;CKV_AZURE_104;CKV_AZURE_104;CKV_AZURE_34;CKV_AZURE_106;CKV_AZURE_47;CKV_AZURE_48;CKV_AZURE_160;CKV_AZURE_9;CKV_AZURE_77;CKV_AZURE_10;CKV_AZURE_160;CKV_AZURE_9;CKV_AZURE_77;CKV_AZURE_10;CKV_AZURE_160;CKV_AZURE_9;CKV_AZURE_77;CKV_AZURE_10;CKV_AZURE_160;CKV_AZURE_9;CKV_AZURE_77;CKV_AZURE_10;CKV_AZURE_148;CKV_AZURE_89;CKV_AZURE_204;CKV_AZURE_204;CKV_AZURE_52;CKV_AZURE_52;CKV_AZURE_44;CKV_AZURE_3;CKV_AZURE_33;CKV_AZURE_44;CKV_AZURE_3;CKV_AZURE_33;CKV_AZURE_44;CKV_AZURE_3;CKV_AZURE_33;CKV_AZURE_44;CKV_AZURE_3;CKV_AZURE_33;CKV_AZURE_1;CKV_AZURE_45;CKV_AZURE_118;CKV_AZURE_160;CKV_AZURE_77;CKV_AZURE_10;CKV_AZURE_1;CKV_AZURE_45;CKV_AZURE_118;CKV_AZURE_160;CKV_AZURE_77;CKV_AZURE_10;CKV_AZURE_119;CKV_AZURE_119;CKV2_AZURE_14;CKV2_AZURE_14;CKV2_AZURE_8,CKV_AZURE_117;CKV_AZURE_4;CKV_AZURE_141;CKV_AZURE_117;CKV_AZURE_4;CKV_AZURE_141;CKV_AZURE_137;CKV_AZURE_137;CKV_AZURE_139;CKV_AZURE_74;CKV_AZURE_74;CKV_AZURE_205;CKV_AZURE_205;CKV_AZURE_113;CKV_AZURE_113;CKV_AZURE_59;CKV_AZURE_59;CKV_AZURE_59;CKV_AZURE_59;CKV_AZURE_9;CKV_AZURE_9;CKV2_AZURE_1;CKV2_AZURE_1;CKV2_AZURE_1;CKV2_AZURE_1;CKV2_AZURE_15;CKV2_AZURE_15;CKV2_AZURE_18;CKV2_AZURE_18;CKV2_AZURE_18;CKV2_AZURE_18;CKV2_AZURE_21,2023-02-20 15:20:56.542058
adamrushuk/devops-lab,15,16,CKV_AZURE_4;CKV_AZURE_143;CKV_AZURE_44;CKV_AZURE_3;CKV_AZURE_34;CKV_AZURE_44;CKV_AZURE_3;CKV_AZURE_34;CKV_AZURE_44;CKV_AZURE_3;CKV_AZURE_33;CKV_AZURE_34;CKV2_AZURE_8;CKV2_AZURE_8;CKV2_AZURE_8,CKV_AZURE_117;CKV_AZURE_141;CKV_AZURE_59;CKV_AZURE_33;CKV_AZURE_59;CKV_AZURE_33;CKV_AZURE_59;CKV2_AZURE_1;CKV2_AZURE_1;CKV2_AZURE_1;CKV2_AZURE_18;CKV2_AZURE_18;CKV2_AZURE_18;CKV2_AZURE_21;CKV2_AZURE_21;CKV2_AZURE_21,2023-02-20 15:21:53.702363
Pwd9000-ML/Azure-Terraform-Deployments,8,9,CKV_AZURE_137;CKV_AZURE_15;CKV_AZURE_14;CKV_AZURE_160;CKV_AZURE_9;CKV_AZURE_77;CKV_AZURE_10;CKV_AZURE_33,CKV_AZURE_139;CKV_AZURE_18;CKV_AZURE_59;CKV_AZURE_44;CKV_AZURE_3;CKV2_AZURE_1;CKV2_AZURE_1;CKV2_AZURE_18;CKV2_AZURE_18,2023-02-20 15:21:58.822059
sergelogvinov/terraform-talos,30,21,CKV_AZURE_3;CKV_AZURE_34;CKV_AZURE_178;CKV_AZURE_178;CKV_AZURE_178;CKV_AZURE_118;CKV_AZURE_1;CKV_AZURE_178;CKV_AZURE_1;CKV_AZURE_178;CKV_AZURE_160;CKV_AZURE_9;CKV_AZURE_77;CKV_AZURE_10;CKV_AZURE_160;CKV_AZURE_9;CKV_AZURE_77;CKV_AZURE_10;CKV_AZURE_160;CKV_AZURE_9;CKV_AZURE_77;CKV_AZURE_10;CKV_AZURE_160;CKV_AZURE_9;CKV_AZURE_77;CKV_AZURE_10;CKV_AZURE_3;CKV_AZURE_34;CKV2_AZURE_8;CKV2_AZURE_8,CKV_AZURE_59;CKV_AZURE_44;CKV_AZURE_33;CKV_AZURE_97;CKV_AZURE_49;CKV_AZURE_97;CKV_AZURE_49;CKV_AZURE_97;CKV_AZURE_49;CKV_AZURE_118;CKV_AZURE_59;CKV_AZURE_44;CKV_AZURE_33;CKV2_AZURE_1;CKV2_AZURE_1;CKV_AZURE_119;CKV_AZURE_119;CKV2_AZURE_18;CKV2_AZURE_18;CKV2_AZURE_21;CKV2_AZURE_21,2023-02-20 15:22:15.525588
claranet/terraform-azurerm-app-gateway,8,2,CKV_AZURE_160;CKV_AZURE_9;CKV_AZURE_77;CKV_AZURE_10;CKV_AZURE_160;CKV_AZURE_9;CKV_AZURE_77;CKV_AZURE_10,CKV_AZURE_120;CKV_AZURE_120,2023-02-20 15:22:21.127885
Azure-Samples/container-apps-azapi-terraform,2,10,CKV_AZURE_3;CKV_AZURE_3,CKV_AZURE_59;CKV_AZURE_44;CKV_AZURE_33;CKV_AZURE_59;CKV_AZURE_44;CKV_AZURE_33;CKV2_AZURE_1;CKV2_AZURE_1;CKV2_AZURE_18;CKV2_AZURE_18,2023-02-20 15:22:26.825562
recognizegroup/terraform,29,28,CKV_AZURE_15;CKV_AZURE_14;CKV_AZURE_81;CKV_AZURE_18;CKV_AZURE_83;CKV_AZURE_82;CKV_AZURE_44;CKV_AZURE_3;CKV_AZURE_121;CKV_AZURE_113;CKV_AZURE_52;CKV_AZURE_28;CKV_AZURE_53;CKV_AZURE_54;CKV_AZURE_96;CKV_AZURE_160;CKV_AZURE_9;CKV_AZURE_77;CKV_AZURE_10;CKV_AZURE_44;CKV_AZURE_3;CKV_AZURE_44;CKV_AZURE_3;CKV_AZURE_34;CKV_AZURE_3;CKV_AZURE_118;CKV_AZURE_177;CKV_AZURE_119;CKV2_AZURE_8,CKV_AZURE_80;CKV_AZURE_137;CKV_AZURE_139;CKV_AZURE_104;CKV_AZURE_59;CKV_AZURE_33;CKV_AZURE_205;CKV_AZURE_204;CKV_AZURE_59;CKV_AZURE_33;CKV_AZURE_59;CKV_AZURE_33;CKV_AZURE_59;CKV_AZURE_44;CKV_AZURE_33;CKV_AZURE_151;CKV2_AZURE_1;CKV2_AZURE_1;CKV2_AZURE_1;CKV2_AZURE_1;CKV2_AZURE_15;CKV2_AZURE_18;CKV2_AZURE_18;CKV2_AZURE_18;CKV2_AZURE_18;CKV2_AZURE_16;CKV2_AZURE_20;CKV2_AZURE_21,2023-02-20 15:22:39.131700
geekzter/azure-pipeline-agents,92,27,CKV_AZURE_160;CKV_AZURE_9;CKV_AZURE_77;CKV_AZURE_10;CKV_AZURE_160;CKV_AZURE_9;CKV_AZURE_77;CKV_AZURE_10;CKV_AZURE_160;CKV_AZURE_9;CKV_AZURE_77;CKV_AZURE_10;CKV_AZURE_160;CKV_AZURE_9;CKV_AZURE_77;CKV_AZURE_10;CKV_AZURE_160;CKV_AZURE_9;CKV_AZURE_77;CKV_AZURE_10;CKV_AZURE_160;CKV_AZURE_9;CKV_AZURE_77;CKV_AZURE_10;CKV_AZURE_160;CKV_AZURE_9;CKV_AZURE_77;CKV_AZURE_10;CKV_AZURE_160;CKV_AZURE_9;CKV_AZURE_77;CKV_AZURE_10;CKV_AZURE_160;CKV_AZURE_9;CKV_AZURE_77;CKV_AZURE_10;CKV_AZURE_160;CKV_AZURE_9;CKV_AZURE_77;CKV_AZURE_10;CKV_AZURE_160;CKV_AZURE_9;CKV_AZURE_77;CKV_AZURE_10;CKV_AZURE_160;CKV_AZURE_9;CKV_AZURE_77;CKV_AZURE_10;CKV_AZURE_160;CKV_AZURE_9;CKV_AZURE_77;CKV_AZURE_10;CKV_AZURE_160;CKV_AZURE_9;CKV_AZURE_77;CKV_AZURE_10;CKV_AZURE_160;CKV_AZURE_9;CKV_AZURE_77;CKV_AZURE_10;CKV_AZURE_160;CKV_AZURE_9;CKV_AZURE_77;CKV_AZURE_10;CKV_AZURE_160;CKV_AZURE_9;CKV_AZURE_77;CKV_AZURE_10;CKV_AZURE_3;CKV_AZURE_178;CKV_AZURE_118;CKV_AZURE_160;CKV_AZURE_9;CKV_AZURE_77;CKV_AZURE_10;CKV_AZURE_178;CKV_AZURE_160;CKV_AZURE_9;CKV_AZURE_77;CKV_AZURE_10;CKV_AZURE_160;CKV_AZURE_9;CKV_AZURE_77;CKV_AZURE_10;CKV_AZURE_118;CKV_AZURE_160;CKV_AZURE_9;CKV_AZURE_77;CKV_AZURE_10;CKV_AZURE_3;CKV_AZURE_3;CKV2_AZURE_8,CKV_AZURE_59;CKV_AZURE_44;CKV_AZURE_33;CKV_AZURE_97;CKV_AZURE_49;CKV_AZURE_97;CKV_AZURE_177;CKV_AZURE_1;CKV_AZURE_177;CKV_AZURE_151;CKV_AZURE_59;CKV_AZURE_44;CKV_AZURE_33;CKV_AZURE_59;CKV_AZURE_44;CKV_AZURE_33;CKV2_AZURE_1;CKV2_AZURE_1;CKV2_AZURE_1;CKV2_AZURE_1;CKV_AZURE_119;CKV_AZURE_119;CKV2_AZURE_18;CKV2_AZURE_18;CKV2_AZURE_18;CKV2_AZURE_18;CKV2_AZURE_21,2023-02-20 15:22:47.450250
echo-webkom/echo-web,4,22,CKV_AZURE_3;CKV_AZURE_3;CKV_AZURE_3;CKV_AZURE_3,CKV_AZURE_59;CKV_AZURE_44;CKV_AZURE_33;CKV_AZURE_59;CKV_AZURE_44;CKV_AZURE_33;CKV_AZURE_59;CKV_AZURE_44;CKV_AZURE_33;CKV_AZURE_59;CKV_AZURE_44;CKV_AZURE_33;CKV2_AZURE_1;CKV2_AZURE_1;CKV2_AZURE_1;CKV2_AZURE_1;CKV2_AZURE_1;CKV2_AZURE_18;CKV2_AZURE_18;CKV2_AZURE_18;CKV2_AZURE_18;CKV2_AZURE_18,2023-02-20 15:22:59.404439
hashicorp/vault-plugin-auth-azure,8,6,CKV_AZURE_3;CKV_AZURE_118;CKV_AZURE_160;CKV_AZURE_9;CKV_AZURE_77;CKV_AZURE_10;CKV_AZURE_1;CKV_AZURE_178,CKV_AZURE_59;CKV_AZURE_44;CKV_AZURE_33;CKV2_AZURE_1;CKV_AZURE_119;CKV2_AZURE_18,2023-02-20 15:23:08.041575
PacktPublishing/Terraform-Cookbook-Second-Edition,52,82,CKV_AZURE_15;CKV_AZURE_81;CKV_AZURE_83;CKV_AZURE_82;CKV_AZURE_160;CKV_AZURE_9;CKV_AZURE_77;CKV_AZURE_118;CKV_AZURE_15;CKV_AZURE_81;CKV_AZURE_83;CKV_AZURE_82;CKV_AZURE_15;CKV_AZURE_15;CKV_AZURE_9;CKV_AZURE_77;CKV_AZURE_15;CKV_AZURE_15;CKV_AZURE_15;CKV_AZURE_15;CKV_AZURE_15;CKV_AZURE_15;CKV_AZURE_15;CKV_AZURE_15;CKV_AZURE_15;CKV_AZURE_15;CKV_AZURE_15;CKV_AZURE_15;CKV_AZURE_15;CKV_AZURE_15;CKV_AZURE_15;CKV_AZURE_15;CKV_AZURE_15;CKV_AZURE_15;CKV_AZURE_15;CKV_AZURE_15;CKV_AZURE_15;CKV_AZURE_15;CKV_AZURE_44;CKV_AZURE_3;CKV_AZURE_3;CKV_AZURE_15;CKV_AZURE_160;CKV_AZURE_9;CKV_AZURE_77;CKV_AZURE_15;CKV_AZURE_118;CKV_AZURE_15;CKV_AZURE_81;CKV_AZURE_83;CKV_AZURE_82;CKV_AZURE_15,CKV_AZURE_14;CKV_AZURE_80;CKV_AZURE_18;CKV_AZURE_10;CKV_AZURE_1;CKV_AZURE_178;CKV_AZURE_14;CKV_AZURE_80;CKV_AZURE_18;CKV_AZURE_14;CKV_AZURE_18;CKV_AZURE_14;CKV_AZURE_18;CKV_AZURE_160;CKV_AZURE_10;CKV_AZURE_14;CKV_AZURE_18;CKV_AZURE_14;CKV_AZURE_18;CKV_AZURE_14;CKV_AZURE_18;CKV_AZURE_14;CKV_AZURE_18;CKV_AZURE_14;CKV_AZURE_18;CKV_AZURE_14;CKV_AZURE_18;CKV_AZURE_14;CKV_AZURE_18;CKV_AZURE_14;CKV_AZURE_18;CKV_AZURE_14;CKV_AZURE_18;CKV_AZURE_14;CKV_AZURE_18;CKV_AZURE_14;CKV_AZURE_18;CKV_AZURE_14;CKV_AZURE_18;CKV_AZURE_14;CKV_AZURE_18;CKV_AZURE_14;CKV_AZURE_18;CKV_AZURE_14;CKV_AZURE_18;CKV_AZURE_14;CKV_AZURE_18;CKV_AZURE_14;CKV_AZURE_18;CKV_AZURE_14;CKV_AZURE_18;CKV_AZURE_14;CKV_AZURE_18;CKV_AZURE_14;CKV_AZURE_18;CKV_AZURE_14;CKV_AZURE_18;CKV_AZURE_14;CKV_AZURE_18;CKV_AZURE_59;CKV_AZURE_33;CKV_AZURE_59;CKV_AZURE_44;CKV_AZURE_33;CKV_AZURE_14;CKV_AZURE_18;CKV_AZURE_10;CKV_AZURE_14;CKV_AZURE_18;CKV_AZURE_1;CKV_AZURE_178;CKV_AZURE_14;CKV_AZURE_80;CKV_AZURE_18;CKV_AZURE_14;CKV_AZURE_18;CKV2_AZURE_1;CKV2_AZURE_1;CKV_AZURE_119;CKV_AZURE_119;CKV2_AZURE_18;CKV2_AZURE_18,2023-02-20 15:23:17.350467
e2eSolutionArchitect/terraform,6,13,CKV_AZURE_3;CKV_AZURE_3;CKV_AZURE_34;CKV_AZURE_34;CKV2_AZURE_8;CKV2_AZURE_8,CKV_AZURE_59;CKV_AZURE_44;CKV_AZURE_33;CKV_AZURE_59;CKV_AZURE_44;CKV_AZURE_33;CKV2_AZURE_1;CKV2_AZURE_1;CKV2_AZURE_18;CKV2_AZURE_18;CKV2_AZURE_21;CKV2_AZURE_21;CKV2_AZURE_21,2023-02-20 15:23:37.076520
PacketFabric/terraform-provider-packetfabric,6,3,CKV_AZURE_9;CKV_AZURE_77;CKV_AZURE_118;CKV_AZURE_1;CKV_AZURE_45;CKV2_AZURE_14,CKV_AZURE_160;CKV_AZURE_10;CKV_AZURE_119,2023-02-20 15:23:48.303206
MontiCore/montithings,7,7,CKV_AZURE_160;CKV_AZURE_9;CKV_AZURE_77;CKV_AZURE_118;CKV_AZURE_3;CKV_AZURE_1;CKV_AZURE_178,CKV_AZURE_10;CKV_AZURE_59;CKV_AZURE_44;CKV_AZURE_33;CKV2_AZURE_1;CKV_AZURE_119;CKV2_AZURE_18,2023-02-20 15:24:33.736334
Azure/aks-baseline-windows,39,8,CKV_AZURE_160;CKV_AZURE_9;CKV_AZURE_77;CKV_AZURE_10;CKV_AZURE_118;CKV_AZURE_118;CKV_AZURE_160;CKV_AZURE_9;CKV_AZURE_77;CKV_AZURE_10;CKV_AZURE_160;CKV_AZURE_9;CKV_AZURE_77;CKV_AZURE_10;CKV_AZURE_160;CKV_AZURE_9;CKV_AZURE_77;CKV_AZURE_10;CKV_AZURE_160;CKV_AZURE_9;CKV_AZURE_77;CKV_AZURE_10;CKV_AZURE_160;CKV_AZURE_9;CKV_AZURE_77;CKV_AZURE_10;CKV_AZURE_160;CKV_AZURE_9;CKV_AZURE_77;CKV_AZURE_10;CKV_AZURE_137;CKV_AZURE_139;CKV_AZURE_4;CKV_AZURE_143;CKV_AZURE_4;CKV_AZURE_143;CKV_AZURE_141;CKV_AZURE_119;CKV_AZURE_119,CKV_AZURE_177;CKV_AZURE_151;CKV_AZURE_177;CKV_AZURE_151;CKV_AZURE_117;CKV_AZURE_141;CKV_AZURE_117;CKV_AZURE_120,2023-02-20 15:24:50.020025
Azure/aks-app-routing-operator,2,4,CKV_AZURE_143;CKV_AZURE_137,CKV_AZURE_117;CKV_AZURE_4;CKV_AZURE_141;CKV_AZURE_139,2023-02-20 15:24:56.013376
brave/security-action,0,2,,CKV_AZURE_2;CKV_AZURE_93,2023-02-20 15:25:16.753521
nimbix/jarvice-helm,1,3,CKV_AZURE_143,CKV_AZURE_117;CKV_AZURE_4;CKV_AZURE_141,2023-02-20 15:25:28.241434
dirien/quick-bites,2,7,CKV_AZURE_3;CKV2_AZURE_8,CKV_AZURE_59;CKV_AZURE_44;CKV_AZURE_33;CKV_AZURE_34;CKV2_AZURE_1;CKV2_AZURE_18;CKV2_AZURE_21,2023-02-20 15:25:36.397638
Anthony-Nolan/Atlas,21,41,CKV_AZURE_34;CKV_AZURE_34;CKV_AZURE_34;CKV_AZURE_34;CKV_AZURE_3;CKV_AZURE_34;CKV_AZURE_34;CKV_AZURE_34;CKV_AZURE_3;CKV_AZURE_3;CKV_AZURE_3;CKV_AZURE_34;CKV_AZURE_3;CKV2_AZURE_8;CKV2_AZURE_8;CKV2_AZURE_8;CKV2_AZURE_8;CKV2_AZURE_8;CKV2_AZURE_8;CKV2_AZURE_8;CKV2_AZURE_8,CKV_AZURE_59;CKV_AZURE_44;CKV_AZURE_33;CKV_AZURE_205;CKV_AZURE_204;CKV_AZURE_113;CKV_AZURE_52;CKV_AZURE_59;CKV_AZURE_44;CKV_AZURE_33;CKV_AZURE_59;CKV_AZURE_44;CKV_AZURE_33;CKV_AZURE_59;CKV_AZURE_44;CKV_AZURE_33;CKV_AZURE_113;CKV_AZURE_52;CKV_AZURE_59;CKV_AZURE_44;CKV_AZURE_33;CKV2_AZURE_1;CKV2_AZURE_1;CKV2_AZURE_1;CKV2_AZURE_1;CKV2_AZURE_1;CKV2_AZURE_18;CKV2_AZURE_18;CKV2_AZURE_18;CKV2_AZURE_18;CKV2_AZURE_18;CKV2_AZURE_21;CKV2_AZURE_21;CKV2_AZURE_21;CKV2_AZURE_21;CKV2_AZURE_21;CKV2_AZURE_21;CKV2_AZURE_21;CKV2_AZURE_21;CKV2_AZURE_20;CKV2_AZURE_20,2023-02-20 15:27:43.133539
jkroepke/homelab,28,23,CKV_AZURE_143;CKV_AZURE_141;CKV_AZURE_3;CKV_AZURE_3;CKV_AZURE_34;CKV_AZURE_34;CKV_AZURE_34;CKV_AZURE_34;CKV_AZURE_34;CKV_AZURE_1;CKV_AZURE_178;CKV_AZURE_1;CKV_AZURE_178;CKV_AZURE_118;CKV_AZURE_160;CKV_AZURE_9;CKV_AZURE_77;CKV_AZURE_118;CKV_AZURE_160;CKV_AZURE_9;CKV_AZURE_77;CKV_AZURE_177;CKV_AZURE_177;CKV2_AZURE_8;CKV2_AZURE_8;CKV2_AZURE_8;CKV2_AZURE_8;CKV2_AZURE_8,CKV_AZURE_117;CKV_AZURE_4;CKV_AZURE_59;CKV_AZURE_44;CKV_AZURE_33;CKV_AZURE_59;CKV_AZURE_44;CKV_AZURE_33;CKV_AZURE_10;CKV_AZURE_10;CKV_AZURE_151;CKV_AZURE_151;CKV2_AZURE_1;CKV2_AZURE_1;CKV_AZURE_119;CKV_AZURE_119;CKV2_AZURE_18;CKV2_AZURE_18;CKV2_AZURE_21;CKV2_AZURE_21;CKV2_AZURE_21;CKV2_AZURE_21;CKV2_AZURE_21,2023-02-20 15:28:00.446587
claranet/terraform-azurerm-function-app,4,2,CKV_AZURE_34;CKV_AZURE_34;CKV2_AZURE_8;CKV2_AZURE_8,CKV2_AZURE_21;CKV2_AZURE_21,2023-02-20 15:28:07.342722
tetrateio/tetrate-service-bridge-sandbox,6,8,CKV_AZURE_9;CKV_AZURE_77;CKV_AZURE_118;CKV_AZURE_1;CKV_AZURE_178;CKV_AZURE_143,CKV_AZURE_137;CKV_AZURE_139;CKV_AZURE_160;CKV_AZURE_10;CKV_AZURE_117;CKV_AZURE_4;CKV_AZURE_141;CKV_AZURE_119,2023-02-20 15:28:16.834991
kashw2/Fleet-of-the-Faithful-Knights,23,7,CKV_AZURE_15;CKV_AZURE_14;CKV_AZURE_81;CKV_AZURE_18;CKV_AZURE_83;CKV_AZURE_82;CKV_AZURE_15;CKV_AZURE_14;CKV_AZURE_81;CKV_AZURE_18;CKV_AZURE_83;CKV_AZURE_82;CKV_AZURE_15;CKV_AZURE_14;CKV_AZURE_81;CKV_AZURE_18;CKV_AZURE_83;CKV_AZURE_82;CKV_AZURE_44;CKV_AZURE_3;CKV_AZURE_33;CKV_AZURE_34;CKV2_AZURE_8,CKV_AZURE_80;CKV_AZURE_80;CKV_AZURE_80;CKV_AZURE_59;CKV2_AZURE_1;CKV2_AZURE_18;CKV2_AZURE_21,2023-02-20 15:28:27.026973
pekalam/auctionhouse,40,8,CKV_AZURE_118;CKV_AZURE_118;CKV_AZURE_3;CKV_AZURE_1;CKV_AZURE_45;CKV_AZURE_1;CKV_AZURE_45;CKV_AZURE_160;CKV_AZURE_9;CKV_AZURE_77;CKV_AZURE_10;CKV_AZURE_160;CKV_AZURE_9;CKV_AZURE_77;CKV_AZURE_10;CKV_AZURE_160;CKV_AZURE_9;CKV_AZURE_77;CKV_AZURE_160;CKV_AZURE_9;CKV_AZURE_77;CKV_AZURE_160;CKV_AZURE_9;CKV_AZURE_77;CKV_AZURE_10;CKV_AZURE_160;CKV_AZURE_9;CKV_AZURE_77;CKV_AZURE_10;CKV_AZURE_9;CKV_AZURE_77;CKV_AZURE_10;CKV_AZURE_160;CKV_AZURE_9;CKV_AZURE_77;CKV_AZURE_10;CKV_AZURE_119;CKV_AZURE_119;CKV2_AZURE_14;CKV2_AZURE_14,CKV_AZURE_59;CKV_AZURE_44;CKV_AZURE_33;CKV_AZURE_10;CKV_AZURE_10;CKV_AZURE_160;CKV2_AZURE_1;CKV2_AZURE_18,2023-02-20 15:28:59.210572
briandenicola/kubernetes,65,21,CKV_AZURE_137;CKV_AZURE_4;CKV_AZURE_143;CKV_AZURE_160;CKV_AZURE_9;CKV_AZURE_77;CKV_AZURE_10;CKV_AZURE_160;CKV_AZURE_9;CKV_AZURE_77;CKV_AZURE_10;CKV_AZURE_3;CKV_AZURE_4;CKV_AZURE_143;CKV_AZURE_160;CKV_AZURE_9;CKV_AZURE_77;CKV_AZURE_10;CKV_AZURE_4;CKV_AZURE_143;CKV_AZURE_141;CKV_AZURE_160;CKV_AZURE_9;CKV_AZURE_77;CKV_AZURE_10;CKV_AZURE_4;CKV_AZURE_143;CKV_AZURE_141;CKV_AZURE_160;CKV_AZURE_9;CKV_AZURE_77;CKV_AZURE_10;CKV_AZURE_4;CKV_AZURE_143;CKV_AZURE_160;CKV_AZURE_9;CKV_AZURE_77;CKV_AZURE_10;CKV_AZURE_4;CKV_AZURE_143;CKV_AZURE_160;CKV_AZURE_9;CKV_AZURE_77;CKV_AZURE_10;CKV_AZURE_4;CKV_AZURE_143;CKV_AZURE_141;CKV_AZURE_160;CKV_AZURE_9;CKV_AZURE_77;CKV_AZURE_10;CKV_AZURE_4;CKV_AZURE_143;CKV_AZURE_141;CKV_AZURE_160;CKV_AZURE_9;CKV_AZURE_77;CKV_AZURE_10;CKV_AZURE_4;CKV_AZURE_143;CKV_AZURE_160;CKV_AZURE_9;CKV_AZURE_77;CKV_AZURE_10;CKV_AZURE_148,CKV_AZURE_139;CKV_AZURE_117;CKV_AZURE_141;CKV_AZURE_59;CKV_AZURE_44;CKV_AZURE_33;CKV_AZURE_117;CKV_AZURE_141;CKV_AZURE_117;CKV_AZURE_117;CKV_AZURE_117;CKV_AZURE_141;CKV_AZURE_117;CKV_AZURE_141;CKV_AZURE_117;CKV_AZURE_117;CKV_AZURE_117;CKV_AZURE_141;CKV_AZURE_89;CKV2_AZURE_1;CKV2_AZURE_18,2023-02-20 15:29:23.066159
pagopa/io-infra,28,15,CKV_AZURE_197;CKV_AZURE_198;CKV_AZURE_200;CKV_AZURE_200;CKV_AZURE_34;CKV_AZURE_34;CKV_AZURE_34;CKV_AZURE_34;CKV_AZURE_160;CKV_AZURE_9;CKV_AZURE_77;CKV_AZURE_10;CKV_AZURE_160;CKV_AZURE_9;CKV_AZURE_77;CKV_AZURE_10;CKV_AZURE_34;CKV_AZURE_34;CKV_AZURE_34;CKV_AZURE_34;CKV2_AZURE_8;CKV2_AZURE_8;CKV2_AZURE_8;CKV2_AZURE_8;CKV2_AZURE_8;CKV2_AZURE_8;CKV2_AZURE_8;CKV2_AZURE_8,CKV2_AZURE_21;CKV2_AZURE_21;CKV2_AZURE_21;CKV2_AZURE_21;CKV2_AZURE_21;CKV2_AZURE_21;CKV2_AZURE_21;CKV2_AZURE_21;CKV2_AZURE_20;CKV2_AZURE_20;CKV2_AZURE_20;CKV2_AZURE_20;CKV2_AZURE_20;CKV2_AZURE_20;CKV2_AZURE_20,2023-02-20 15:29:36.967857
inhashed/thehive-sentinel-integration,7,1,CKV_AZURE_160;CKV_AZURE_9;CKV_AZURE_77;CKV_AZURE_10;CKV_AZURE_118;CKV_AZURE_1;CKV_AZURE_178,CKV_AZURE_119,2023-02-20 15:29:42.174783
pagopa/cstar-infrastructure,33,30,CKV_AZURE_34;CKV_AZURE_34;CKV_AZURE_34;CKV_AZURE_34;CKV_AZURE_34;CKV_AZURE_34;CKV_AZURE_34;CKV_AZURE_34;CKV_AZURE_34;CKV_AZURE_34;CKV_AZURE_34;CKV_AZURE_34;CKV_AZURE_44;CKV_AZURE_3;CKV_AZURE_34;CKV_AZURE_34;CKV_AZURE_104;CKV_AZURE_104;CKV2_AZURE_8;CKV2_AZURE_8;CKV2_AZURE_8;CKV2_AZURE_8;CKV2_AZURE_8;CKV2_AZURE_8;CKV2_AZURE_8;CKV2_AZURE_8;CKV2_AZURE_8;CKV2_AZURE_8;CKV2_AZURE_8;CKV2_AZURE_8;CKV2_AZURE_8;CKV2_AZURE_8;CKV2_AZURE_8,CKV_AZURE_74;CKV_AZURE_59;CKV_AZURE_33;CKV_AZURE_34;CKV_AZURE_34;CKV_AZURE_205;CKV_AZURE_204;CKV2_AZURE_1;CKV2_AZURE_15;CKV2_AZURE_15;CKV2_AZURE_18;CKV2_AZURE_8;CKV2_AZURE_8;CKV2_AZURE_21;CKV2_AZURE_21;CKV2_AZURE_21;CKV2_AZURE_21;CKV2_AZURE_21;CKV2_AZURE_21;CKV2_AZURE_21;CKV2_AZURE_21;CKV2_AZURE_21;CKV2_AZURE_21;CKV2_AZURE_21;CKV2_AZURE_21;CKV2_AZURE_21;CKV2_AZURE_21;CKV2_AZURE_21;CKV2_AZURE_21;CKV2_AZURE_21,2023-02-20 15:30:03.616470
hotosm/raw-data-api,4,2,CKV_AZURE_118;CKV_AZURE_1;CKV_AZURE_178;CKV_AZURE_148,CKV_AZURE_89;CKV_AZURE_119,2023-02-20 15:30:33.013480
benchiverton/OnlineStore,2,6,CKV_AZURE_15;CKV_AZURE_15,CKV_AZURE_14;CKV_AZURE_18;CKV_AZURE_14;CKV_AZURE_18;CKV_AZURE_137;CKV_AZURE_139,2023-02-20 15:30:44.191875
sunileman/1ClickECK,1,3,CKV_AZURE_143,CKV_AZURE_117;CKV_AZURE_4;CKV_AZURE_141,2023-02-20 15:30:55.502752
prancer-io/prancer-terramerra,56,72,CKV_AZURE_121;CKV_AZURE_3;CKV_AZURE_198;CKV_AZURE_200;CKV_AZURE_3;CKV_AZURE_159;CKV_AZURE_145;CKV_AZURE_2;CKV_AZURE_93;CKV_AZURE_143;CKV_AZURE_160;CKV_AZURE_9;CKV_AZURE_77;CKV_AZURE_10;CKV_AZURE_160;CKV_AZURE_9;CKV_AZURE_77;CKV_AZURE_10;CKV_AZURE_11;CKV_AZURE_34;CKV_AZURE_1;CKV_AZURE_45;CKV_AZURE_1;CKV_AZURE_45;CKV_AZURE_118;CKV_AZURE_1;CKV_AZURE_45;CKV_AZURE_1;CKV_AZURE_45;CKV_AZURE_118;CKV_AZURE_3;CKV_AZURE_160;CKV_AZURE_9;CKV_AZURE_77;CKV_AZURE_10;CKV_AZURE_44;CKV_AZURE_3;CKV_AZURE_118;CKV_AZURE_118;CKV_AZURE_160;CKV_AZURE_9;CKV_AZURE_77;CKV_AZURE_10;CKV_AZURE_1;CKV_AZURE_119;CKV2_AZURE_14;CKV2_AZURE_14;CKV2_AZURE_14;CKV2_AZURE_14;CKV2_AZURE_14;CKV2_AZURE_14;CKV2_AZURE_14;CKV2_AZURE_14;CKV2_AZURE_8;CKV_AZURE_120;CKV2_AZURE_6,CKV_AZURE_59;CKV_AZURE_44;CKV_AZURE_33;CKV_AZURE_197;CKV_AZURE_106;CKV_AZURE_59;CKV_AZURE_44;CKV_AZURE_33;CKV_AZURE_15;CKV_AZURE_14;CKV_AZURE_80;CKV_AZURE_81;CKV_AZURE_18;CKV_AZURE_83;CKV_AZURE_82;CKV_AZURE_70;CKV_AZURE_97;CKV_AZURE_178;CKV_AZURE_49;CKV_AZURE_47;CKV_AZURE_48;CKV_AZURE_137;CKV_AZURE_139;CKV_AZURE_101;CKV_AZURE_117;CKV_AZURE_4;CKV_AZURE_141;CKV_AZURE_156;CKV_AZURE_52;CKV_AZURE_28;CKV_AZURE_54;CKV_AZURE_96;CKV_AZURE_130;CKV_AZURE_29;CKV_AZURE_147;CKV_AZURE_68;CKV_AZURE_59;CKV_AZURE_44;CKV_AZURE_3;CKV_AZURE_33;CKV_AZURE_34;CKV_AZURE_59;CKV_AZURE_44;CKV_AZURE_33;CKV_AZURE_59;CKV_AZURE_33;CKV_AZURE_148;CKV_AZURE_89;CKV_AZURE_1;CKV_AZURE_178;CKV_AZURE_178;CKV_AZURE_177;CKV_AZURE_151;CKV2_AZURE_1;CKV2_AZURE_1;CKV2_AZURE_1;CKV2_AZURE_1;CKV2_AZURE_1;CKV2_AZURE_1;CKV2_AZURE_1;CKV_AZURE_119;CKV_AZURE_119;CKV_AZURE_119;CKV2_AZURE_18;CKV2_AZURE_18;CKV2_AZURE_18;CKV2_AZURE_18;CKV2_AZURE_18;CKV2_AZURE_18;CKV2_AZURE_18;CKV2_AZURE_16;CKV2_AZURE_21,2023-02-20 15:31:14.056823
jakewalsh90/Terraform-Modules-Azure,21,9,CKV_AZURE_160;CKV_AZURE_9;CKV_AZURE_77;CKV_AZURE_10;CKV_AZURE_118;CKV_AZURE_118;CKV_AZURE_2;CKV_AZURE_2;CKV_AZURE_160;CKV_AZURE_9;CKV_AZURE_77;CKV_AZURE_10;CKV_AZURE_160;CKV_AZURE_9;CKV_AZURE_77;CKV_AZURE_10;CKV_AZURE_118;CKV_AZURE_2;CKV_AZURE_177;CKV_AZURE_119;CKV_AZURE_119,CKV_AZURE_93;CKV_AZURE_93;CKV_AZURE_177;CKV_AZURE_151;CKV_AZURE_177;CKV_AZURE_151;CKV_AZURE_93;CKV_AZURE_151;CKV_AZURE_119,2023-02-20 15:31:19.008187
identiq-protocol/edge-infrastructure,5,3,CKV_AZURE_11;CKV_AZURE_29;CKV_AZURE_31;CKV_AZURE_30;CKV_AZURE_146,CKV_AZURE_130;CKV_AZURE_147;CKV_AZURE_68,2023-02-20 15:31:26.730664
JFolberth/Azure_IaC_Flavors,3,6,CKV_AZURE_15;CKV_AZURE_14;CKV_AZURE_3,CKV_AZURE_18;CKV_AZURE_59;CKV_AZURE_44;CKV_AZURE_33;CKV2_AZURE_1;CKV2_AZURE_18,2023-02-20 15:32:04.643551
zioproto/istio-aks-example,1,1,CKV_AZURE_137,CKV_AZURE_139,2023-02-20 15:32:14.291009
CDCgov/trusted-intermediary,1,4,CKV_AZURE_15,CKV_AZURE_137;CKV_AZURE_139;CKV_AZURE_14;CKV_AZURE_18,2023-02-20 15:32:45.507212
CDCgov/phdi-azure,14,23,CKV_AZURE_104;CKV_AZURE_3;CKV_AZURE_34;CKV_AZURE_3;CKV_AZURE_34;CKV_AZURE_34;CKV_AZURE_34;CKV_AZURE_3;CKV_AZURE_34;CKV2_AZURE_8;CKV2_AZURE_8;CKV2_AZURE_8;CKV2_AZURE_8;CKV2_AZURE_8,CKV_AZURE_59;CKV_AZURE_44;CKV_AZURE_33;CKV_AZURE_59;CKV_AZURE_44;CKV_AZURE_33;CKV_AZURE_137;CKV_AZURE_139;CKV_AZURE_59;CKV_AZURE_44;CKV_AZURE_33;CKV2_AZURE_1;CKV2_AZURE_1;CKV2_AZURE_1;CKV2_AZURE_15;CKV2_AZURE_18;CKV2_AZURE_18;CKV2_AZURE_18;CKV2_AZURE_21;CKV2_AZURE_21;CKV2_AZURE_21;CKV2_AZURE_21;CKV2_AZURE_21,2023-02-20 15:33:02.678259
technicalflow/myterraform,42,39,CKV_AZURE_15;CKV_AZURE_3;CKV_AZURE_137;CKV_AZURE_15;CKV_AZURE_47;CKV_AZURE_9;CKV_AZURE_77;CKV_AZURE_10;CKV_AZURE_118;CKV_AZURE_178;CKV_AZURE_3;CKV_AZURE_3;CKV_AZURE_34;CKV_AZURE_160;CKV_AZURE_9;CKV_AZURE_77;CKV_AZURE_10;CKV_AZURE_9;CKV_AZURE_77;CKV_AZURE_10;CKV_AZURE_118;CKV_AZURE_118;CKV_AZURE_1;CKV_AZURE_178;CKV_AZURE_118;CKV_AZURE_1;CKV_AZURE_178;CKV_AZURE_160;CKV_AZURE_9;CKV_AZURE_77;CKV_AZURE_10;CKV_AZURE_9;CKV_AZURE_77;CKV_AZURE_10;CKV_AZURE_118;CKV_AZURE_3;CKV_AZURE_1;CKV_AZURE_45;CKV_AZURE_119;CKV2_AZURE_14;CKV2_AZURE_8;CKV2_AZURE_8,CKV_AZURE_14;CKV_AZURE_18;CKV_AZURE_59;CKV_AZURE_44;CKV_AZURE_33;CKV_AZURE_139;CKV_AZURE_14;CKV_AZURE_18;CKV_AZURE_113;CKV_AZURE_52;CKV_AZURE_156;CKV_AZURE_48;CKV_AZURE_160;CKV_AZURE_1;CKV_AZURE_59;CKV_AZURE_44;CKV_AZURE_33;CKV_AZURE_34;CKV_AZURE_59;CKV_AZURE_44;CKV_AZURE_33;CKV_AZURE_160;CKV_AZURE_160;CKV_AZURE_59;CKV_AZURE_44;CKV_AZURE_33;CKV2_AZURE_1;CKV2_AZURE_1;CKV2_AZURE_1;CKV2_AZURE_1;CKV_AZURE_119;CKV_AZURE_119;CKV_AZURE_119;CKV2_AZURE_18;CKV2_AZURE_18;CKV2_AZURE_18;CKV2_AZURE_18;CKV2_AZURE_21;CKV2_AZURE_21,2023-02-20 15:33:09.000242
gogorichie/tf-playground,26,27,CKV_AZURE_3;CKV_AZURE_34;CKV_AZURE_108;CKV_AZURE_15;CKV_AZURE_81;CKV_AZURE_83;CKV_AZURE_82;CKV_AZURE_3;CKV_AZURE_118;CKV_AZURE_118;CKV_AZURE_160;CKV_AZURE_9;CKV_AZURE_77;CKV_AZURE_10;CKV_AZURE_160;CKV_AZURE_9;CKV_AZURE_77;CKV_AZURE_10;CKV_AZURE_3;CKV_AZURE_118;CKV_AZURE_118;CKV_AZURE_119;CKV_AZURE_119;CKV_AZURE_119;CKV_AZURE_119;CKV2_AZURE_8,CKV_AZURE_59;CKV_AZURE_44;CKV_AZURE_33;CKV_AZURE_14;CKV_AZURE_80;CKV_AZURE_18;CKV_AZURE_59;CKV_AZURE_44;CKV_AZURE_33;CKV_AZURE_177;CKV_AZURE_151;CKV_AZURE_177;CKV_AZURE_151;CKV_AZURE_59;CKV_AZURE_44;CKV_AZURE_33;CKV_AZURE_1;CKV_AZURE_178;CKV_AZURE_177;CKV_AZURE_151;CKV2_AZURE_1;CKV2_AZURE_1;CKV2_AZURE_1;CKV2_AZURE_18;CKV2_AZURE_18;CKV2_AZURE_18;CKV2_AZURE_21,2023-02-20 15:33:18.732558
mattiasholm/code,4,5,CKV_AZURE_44;CKV_AZURE_3;CKV_AZURE_34;CKV2_AZURE_8,CKV_AZURE_59;CKV_AZURE_33;CKV2_AZURE_1;CKV2_AZURE_21;CKV2_AZURE_18,2023-02-20 15:33:51.360860
pavanjava/terraform-tutorial,15,44,CKV_AZURE_3;CKV_AZURE_34;CKV_AZURE_3;CKV_AZURE_3;CKV_AZURE_3;CKV_AZURE_3;CKV_AZURE_160;CKV_AZURE_9;CKV_AZURE_77;CKV_AZURE_118;CKV_AZURE_3;CKV_AZURE_1;CKV_AZURE_178;CKV2_AZURE_8;CKV2_AZURE_8,CKV_AZURE_130;CKV_AZURE_29;CKV_AZURE_147;CKV_AZURE_68;CKV_AZURE_137;CKV_AZURE_139;CKV_AZURE_59;CKV_AZURE_44;CKV_AZURE_33;CKV_AZURE_101;CKV_AZURE_59;CKV_AZURE_44;CKV_AZURE_33;CKV_AZURE_113;CKV_AZURE_52;CKV_AZURE_59;CKV_AZURE_44;CKV_AZURE_33;CKV_AZURE_59;CKV_AZURE_44;CKV_AZURE_33;CKV_AZURE_59;CKV_AZURE_44;CKV_AZURE_33;CKV_AZURE_10;CKV_AZURE_59;CKV_AZURE_44;CKV_AZURE_33;CKV2_AZURE_1;CKV2_AZURE_1;CKV2_AZURE_1;CKV2_AZURE_1;CKV2_AZURE_1;CKV2_AZURE_1;CKV_AZURE_119;CKV2_AZURE_18;CKV2_AZURE_18;CKV2_AZURE_18;CKV2_AZURE_18;CKV2_AZURE_18;CKV2_AZURE_18;CKV2_AZURE_20;CKV2_AZURE_21;CKV2_AZURE_21,2023-02-20 15:33:57.751414
jmvigueras/playground,180,67,CKV_AZURE_45;CKV_AZURE_45;CKV_AZURE_45;CKV_AZURE_160;CKV_AZURE_9;CKV_AZURE_77;CKV_AZURE_10;CKV_AZURE_77;CKV_AZURE_160;CKV_AZURE_9;CKV_AZURE_77;CKV_AZURE_10;CKV_AZURE_118;CKV_AZURE_118;CKV_AZURE_118;CKV_AZURE_160;CKV_AZURE_9;CKV_AZURE_77;CKV_AZURE_10;CKV_AZURE_160;CKV_AZURE_9;CKV_AZURE_77;CKV_AZURE_10;CKV_AZURE_160;CKV_AZURE_9;CKV_AZURE_77;CKV_AZURE_10;CKV_AZURE_160;CKV_AZURE_9;CKV_AZURE_77;CKV_AZURE_10;CKV_AZURE_160;CKV_AZURE_9;CKV_AZURE_77;CKV_AZURE_10;CKV_AZURE_160;CKV_AZURE_9;CKV_AZURE_77;CKV_AZURE_10;CKV_AZURE_160;CKV_AZURE_9;CKV_AZURE_77;CKV_AZURE_10;CKV_AZURE_160;CKV_AZURE_9;CKV_AZURE_77;CKV_AZURE_10;CKV_AZURE_160;CKV_AZURE_9;CKV_AZURE_77;CKV_AZURE_10;CKV_AZURE_160;CKV_AZURE_9;CKV_AZURE_77;CKV_AZURE_10;CKV_AZURE_160;CKV_AZURE_9;CKV_AZURE_77;CKV_AZURE_10;CKV_AZURE_77;CKV_AZURE_160;CKV_AZURE_9;CKV_AZURE_77;CKV_AZURE_10;CKV_AZURE_118;CKV_AZURE_118;CKV_AZURE_118;CKV_AZURE_118;CKV_AZURE_160;CKV_AZURE_9;CKV_AZURE_77;CKV_AZURE_10;CKV_AZURE_77;CKV_AZURE_160;CKV_AZURE_9;CKV_AZURE_77;CKV_AZURE_10;CKV_AZURE_113;CKV_AZURE_44;CKV_AZURE_3;CKV_AZURE_45;CKV_AZURE_45;CKV_AZURE_45;CKV_AZURE_45;CKV_AZURE_45;CKV_AZURE_45;CKV_AZURE_44;CKV_AZURE_3;CKV_AZURE_118;CKV_AZURE_118;CKV_AZURE_45;CKV_AZURE_45;CKV_AZURE_118;CKV_AZURE_118;CKV_AZURE_160;CKV_AZURE_9;CKV_AZURE_77;CKV_AZURE_10;CKV_AZURE_160;CKV_AZURE_9;CKV_AZURE_77;CKV_AZURE_10;CKV_AZURE_160;CKV_AZURE_9;CKV_AZURE_77;CKV_AZURE_10;CKV_AZURE_160;CKV_AZURE_9;CKV_AZURE_77;CKV_AZURE_10;CKV_AZURE_160;CKV_AZURE_9;CKV_AZURE_77;CKV_AZURE_10;CKV_AZURE_160;CKV_AZURE_9;CKV_AZURE_77;CKV_AZURE_10;CKV_AZURE_160;CKV_AZURE_9;CKV_AZURE_77;CKV_AZURE_10;CKV_AZURE_160;CKV_AZURE_9;CKV_AZURE_77;CKV_AZURE_10;CKV_AZURE_160;CKV_AZURE_9;CKV_AZURE_77;CKV_AZURE_10;CKV_AZURE_160;CKV_AZURE_9;CKV_AZURE_77;CKV_AZURE_10;CKV_AZURE_160;CKV_AZURE_9;CKV_AZURE_77;CKV_AZURE_10;CKV_AZURE_77;CKV_AZURE_160;CKV_AZURE_9;CKV_AZURE_77;CKV_AZURE_10;CKV_AZURE_118;CKV_AZURE_118;CKV_AZURE_160;CKV_AZURE_9;CKV_AZURE_77;CKV_AZURE_10;CKV_AZURE_77;CKV_AZURE_160;CKV_AZURE_9;CKV_AZURE_77;CKV_AZURE_10;CKV_AZURE_119;CKV_AZURE_119;CKV_AZURE_119;CKV_AZURE_119;CKV_AZURE_119;CKV_AZURE_119;CKV_AZURE_119;CKV_AZURE_119;CKV_AZURE_119;CKV_AZURE_119;CKV_AZURE_119;CKV_AZURE_119;CKV_AZURE_119;CKV_AZURE_119;CKV_AZURE_119;CKV2_AZURE_14;CKV2_AZURE_14;CKV2_AZURE_14;CKV2_AZURE_14;CKV2_AZURE_14;CKV2_AZURE_14;CKV2_AZURE_14;CKV2_AZURE_14;CKV2_AZURE_14;CKV2_AZURE_14;CKV2_AZURE_14,CKV_AZURE_1;CKV_AZURE_1;CKV_AZURE_1;CKV_AZURE_160;CKV_AZURE_9;CKV_AZURE_10;CKV_AZURE_118;CKV_AZURE_118;CKV_AZURE_118;CKV_AZURE_118;CKV_AZURE_118;CKV_AZURE_118;CKV_AZURE_160;CKV_AZURE_9;CKV_AZURE_10;CKV_AZURE_160;CKV_AZURE_9;CKV_AZURE_10;CKV_AZURE_52;CKV_AZURE_59;CKV_AZURE_33;CKV_AZURE_1;CKV_AZURE_1;CKV_AZURE_1;CKV_AZURE_1;CKV_AZURE_1;CKV_AZURE_1;CKV_AZURE_59;CKV_AZURE_33;CKV_AZURE_1;CKV_AZURE_178;CKV_AZURE_1;CKV_AZURE_178;CKV_AZURE_1;CKV_AZURE_1;CKV_AZURE_118;CKV_AZURE_118;CKV_AZURE_118;CKV_AZURE_118;CKV_AZURE_160;CKV_AZURE_9;CKV_AZURE_10;CKV_AZURE_160;CKV_AZURE_9;CKV_AZURE_10;CKV2_AZURE_1;CKV2_AZURE_1;CKV2_AZURE_1;CKV2_AZURE_1;CKV2_AZURE_1;CKV2_AZURE_1;CKV2_AZURE_1;CKV_AZURE_119;CKV_AZURE_119;CKV_AZURE_119;CKV_AZURE_119;CKV_AZURE_119;CKV_AZURE_119;CKV_AZURE_119;CKV_AZURE_119;CKV2_AZURE_18;CKV2_AZURE_18;CKV2_AZURE_18;CKV2_AZURE_18;CKV2_AZURE_18;CKV2_AZURE_18;CKV2_AZURE_18,2023-02-20 15:34:15.826767
dapr-in-prod/samples,5,6,CKV_AZURE_4;CKV_AZURE_143;CKV_AZURE_4;CKV_AZURE_143;CKV_AZURE_137,CKV_AZURE_117;CKV_AZURE_141;CKV_AZURE_117;CKV_AZURE_141;CKV_AZURE_139;CKV_AZURE_120,2023-02-20 15:34:21.474017
LefeWare-Solutions/Azure-MasterIaCTemplates,1,0,CKV2_AZURE_6,,2023-02-20 15:34:28.111319
sourcegraph/tf-k8s-configs,5,3,CKV_AZURE_143;CKV_AZURE_160;CKV_AZURE_9;CKV_AZURE_77;CKV_AZURE_10,CKV_AZURE_117;CKV_AZURE_4;CKV_AZURE_141,2023-02-20 15:34:32.851058
mjmenger/terraform-f5xc-azure-base,43,1,CKV_AZURE_160;CKV_AZURE_9;CKV_AZURE_77;CKV_AZURE_10;CKV_AZURE_160;CKV_AZURE_9;CKV_AZURE_77;CKV_AZURE_10;CKV_AZURE_160;CKV_AZURE_9;CKV_AZURE_77;CKV_AZURE_10;CKV_AZURE_160;CKV_AZURE_9;CKV_AZURE_77;CKV_AZURE_10;CKV_AZURE_160;CKV_AZURE_9;CKV_AZURE_77;CKV_AZURE_10;CKV_AZURE_160;CKV_AZURE_9;CKV_AZURE_77;CKV_AZURE_10;CKV_AZURE_160;CKV_AZURE_9;CKV_AZURE_77;CKV_AZURE_10;CKV_AZURE_9;CKV_AZURE_77;CKV_AZURE_10;CKV_AZURE_160;CKV_AZURE_9;CKV_AZURE_77;CKV_AZURE_10;CKV_AZURE_160;CKV_AZURE_9;CKV_AZURE_77;CKV_AZURE_10;CKV_AZURE_160;CKV_AZURE_9;CKV_AZURE_77;CKV_AZURE_10,CKV_AZURE_160,2023-02-20 15:34:41.976647
kvietmeier/Terraform,60,42,CKV_AZURE_4;CKV_AZURE_143;CKV_AZURE_4;CKV_AZURE_143;CKV_AZURE_3;CKV_AZURE_33;CKV_AZURE_4;CKV_AZURE_143;CKV_AZURE_160;CKV_AZURE_9;CKV_AZURE_77;CKV_AZURE_10;CKV_AZURE_160;CKV_AZURE_9;CKV_AZURE_77;CKV_AZURE_10;CKV_AZURE_3;CKV_AZURE_1;CKV_AZURE_178;CKV_AZURE_118;CKV_AZURE_118;CKV_AZURE_160;CKV_AZURE_9;CKV_AZURE_77;CKV_AZURE_10;CKV_AZURE_3;CKV_AZURE_1;CKV_AZURE_178;CKV_AZURE_160;CKV_AZURE_9;CKV_AZURE_77;CKV_AZURE_10;CKV_AZURE_3;CKV_AZURE_1;CKV_AZURE_178;CKV_AZURE_160;CKV_AZURE_9;CKV_AZURE_77;CKV_AZURE_10;CKV_AZURE_118;CKV_AZURE_118;CKV_AZURE_160;CKV_AZURE_9;CKV_AZURE_77;CKV_AZURE_10;CKV_AZURE_3;CKV_AZURE_1;CKV_AZURE_178;CKV_AZURE_3;CKV_AZURE_33;CKV_AZURE_160;CKV_AZURE_9;CKV_AZURE_77;CKV_AZURE_10;CKV_AZURE_119;CKV_AZURE_119;CKV_AZURE_119;CKV_AZURE_119;CKV2_AZURE_8;CKV2_AZURE_8,CKV_AZURE_117;CKV_AZURE_141;CKV_AZURE_117;CKV_AZURE_141;CKV_AZURE_59;CKV_AZURE_44;CKV_AZURE_34;CKV_AZURE_117;CKV_AZURE_141;CKV_AZURE_59;CKV_AZURE_44;CKV_AZURE_33;CKV_AZURE_59;CKV_AZURE_44;CKV_AZURE_33;CKV_AZURE_59;CKV_AZURE_44;CKV_AZURE_33;CKV_AZURE_59;CKV_AZURE_44;CKV_AZURE_33;CKV_AZURE_59;CKV_AZURE_44;CKV_AZURE_34;CKV2_AZURE_1;CKV2_AZURE_1;CKV2_AZURE_1;CKV2_AZURE_1;CKV2_AZURE_1;CKV2_AZURE_1;CKV_AZURE_119;CKV_AZURE_119;CKV_AZURE_119;CKV_AZURE_119;CKV2_AZURE_18;CKV2_AZURE_18;CKV2_AZURE_18;CKV2_AZURE_18;CKV2_AZURE_18;CKV2_AZURE_18;CKV2_AZURE_21;CKV2_AZURE_21,2023-02-20 15:34:49.607655
pagopa/terraform-azurerm-v3,41,15,CKV_AZURE_15;CKV_AZURE_14;CKV_AZURE_81;CKV_AZURE_18;CKV_AZURE_83;CKV_AZURE_82;CKV_AZURE_153;CKV_AZURE_154;CKV_AZURE_198;CKV_AZURE_137;CKV_AZURE_101;CKV_AZURE_34;CKV_AZURE_70;CKV_AZURE_145;CKV_AZURE_4;CKV_AZURE_143;CKV_AZURE_29;CKV_AZURE_147;CKV_AZURE_11;CKV_AZURE_11;CKV_AZURE_31;CKV_AZURE_30;CKV_AZURE_146;CKV_AZURE_31;CKV_AZURE_30;CKV_AZURE_146;CKV_AZURE_31;CKV_AZURE_30;CKV_AZURE_146;CKV_AZURE_31;CKV_AZURE_30;CKV_AZURE_146;CKV_AZURE_31;CKV_AZURE_30;CKV_AZURE_146;CKV_AZURE_148;CKV_AZURE_89;CKV_AZURE_44;CKV_AZURE_3;CKV2_AZURE_8;CKV_AZURE_120,CKV_AZURE_80;CKV_AZURE_197;CKV_AZURE_139;CKV_AZURE_104;CKV_AZURE_159;CKV_AZURE_159;CKV_AZURE_117;CKV_AZURE_141;CKV_AZURE_130;CKV_AZURE_59;CKV_AZURE_33;CKV2_AZURE_1;CKV2_AZURE_15;CKV2_AZURE_21;CKV2_AZURE_18,2023-02-20 15:35:03.967476
oaviles/hello_iac,3,15,CKV_AZURE_143;CKV_AZURE_3;CKV_AZURE_3,CKV_AZURE_117;CKV_AZURE_4;CKV_AZURE_141;CKV_AZURE_59;CKV_AZURE_44;CKV_AZURE_33;CKV_AZURE_59;CKV_AZURE_44;CKV_AZURE_33;CKV_AZURE_113;CKV_AZURE_52;CKV2_AZURE_1;CKV2_AZURE_1;CKV2_AZURE_18;CKV2_AZURE_18,2023-02-20 15:35:10.966363
Contrast-Security-OSS/demo-webgoat.net,1,2,CKV_AZURE_15,CKV_AZURE_14;CKV_AZURE_18,2023-02-20 15:35:30.392583
briandenicola/codespaces-developer-demo,8,2,CKV_AZURE_4;CKV_AZURE_143;CKV_AZURE_141;CKV_AZURE_160;CKV_AZURE_9;CKV_AZURE_77;CKV_AZURE_10;CKV_AZURE_137,CKV_AZURE_117;CKV_AZURE_139,2023-02-20 15:35:36.277273
FelixAnna/keep-hands-on,3,10,CKV_AZURE_143;CKV_AZURE_143;CKV_AZURE_143,CKV_AZURE_117;CKV_AZURE_4;CKV_AZURE_141;CKV_AZURE_117;CKV_AZURE_4;CKV_AZURE_141;CKV_AZURE_117;CKV_AZURE_4;CKV_AZURE_141;CKV_AZURE_120,2023-02-20 15:36:22.948281
equinor/radix-terraform-azurerm-aks,5,5,CKV_AZURE_143;CKV_AZURE_141;CKV_AZURE_9;CKV_AZURE_77;CKV_AZURE_10,CKV_AZURE_148;CKV_AZURE_89;CKV_AZURE_117;CKV_AZURE_4;CKV_AZURE_160,2023-02-20 15:36:27.812620
DFE-Digital/get-an-identity,10,9,CKV_AZURE_148;CKV_AZURE_15;CKV_AZURE_14;CKV_AZURE_18;CKV_AZURE_44;CKV_AZURE_3;CKV_AZURE_34;CKV_AZURE_34;CKV2_AZURE_8;CKV2_AZURE_8,CKV_AZURE_89;CKV_AZURE_205;CKV_AZURE_204;CKV_AZURE_59;CKV_AZURE_33;CKV2_AZURE_1;CKV2_AZURE_18;CKV2_AZURE_21;CKV2_AZURE_21,2023-02-20 15:36:46.769737
keithpatton/aks-workloadidentity-sample,2,6,CKV_AZURE_137;CKV_AZURE_143,CKV_AZURE_139;CKV_AZURE_117;CKV_AZURE_4;CKV_AZURE_141;CKV_AZURE_113;CKV_AZURE_52,2023-02-20 15:36:54.853819
boxboat/speedboat-terragrunt,26,9,CKV_AZURE_160;CKV_AZURE_9;CKV_AZURE_77;CKV_AZURE_10;CKV_AZURE_160;CKV_AZURE_9;CKV_AZURE_77;CKV_AZURE_10;CKV_AZURE_9;CKV_AZURE_77;CKV_AZURE_10;CKV_AZURE_160;CKV_AZURE_9;CKV_AZURE_77;CKV_AZURE_10;CKV_AZURE_160;CKV_AZURE_9;CKV_AZURE_77;CKV_AZURE_10;CKV_AZURE_160;CKV_AZURE_9;CKV_AZURE_77;CKV_AZURE_10;CKV_AZURE_137;CKV_AZURE_143;CKV_AZURE_29,CKV_AZURE_160;CKV_AZURE_139;CKV_AZURE_117;CKV_AZURE_4;CKV_AZURE_141;CKV_AZURE_130;CKV_AZURE_147;CKV_AZURE_68;CKV_AZURE_120,2023-02-20 15:37:00.519687
geekzter/azure-pipelines-container-agent,16,8,CKV_AZURE_4;CKV_AZURE_143;CKV_AZURE_137;CKV_AZURE_3;CKV_AZURE_160;CKV_AZURE_9;CKV_AZURE_77;CKV_AZURE_10;CKV_AZURE_160;CKV_AZURE_9;CKV_AZURE_77;CKV_AZURE_10;CKV_AZURE_160;CKV_AZURE_9;CKV_AZURE_77;CKV_AZURE_10,CKV_AZURE_117;CKV_AZURE_141;CKV_AZURE_139;CKV_AZURE_59;CKV_AZURE_44;CKV_AZURE_33;CKV2_AZURE_1;CKV2_AZURE_18,2023-02-20 15:37:08.292246
paulveillard/cybersecurity-secrets-management,6,8,CKV_AZURE_160;CKV_AZURE_9;CKV_AZURE_77;CKV_AZURE_118;CKV_AZURE_3;CKV_AZURE_1,CKV_AZURE_10;CKV_AZURE_59;CKV_AZURE_44;CKV_AZURE_33;CKV_AZURE_178;CKV2_AZURE_1;CKV_AZURE_119;CKV2_AZURE_18,2023-02-20 15:37:22.944941
lacework/terraform-azure-activity-log,1,5,CKV_AZURE_3,CKV_AZURE_59;CKV_AZURE_44;CKV_AZURE_33;CKV2_AZURE_1;CKV2_AZURE_18,2023-02-20 15:37:28.451307
Planning-Inspectorate/infrastructure-environments,27,11,CKV_AZURE_44;CKV_AZURE_3;CKV_AZURE_15;CKV_AZURE_14;CKV_AZURE_18;CKV_AZURE_44;CKV_AZURE_3;CKV_AZURE_52;CKV_AZURE_101;CKV_AZURE_44;CKV_AZURE_3;CKV_AZURE_34;CKV_AZURE_44;CKV_AZURE_3;CKV_AZURE_148;CKV_AZURE_89;CKV_AZURE_44;CKV_AZURE_3;CKV_AZURE_52;CKV_AZURE_156;CKV_AZURE_44;CKV_AZURE_3;CKV_AZURE_34;CKV_AZURE_44;CKV_AZURE_3;CKV2_AZURE_8;CKV2_AZURE_8,CKV_AZURE_205;CKV_AZURE_204;CKV_AZURE_59;CKV_AZURE_59;CKV_AZURE_59;CKV_AZURE_59;CKV_AZURE_59;CKV_AZURE_205;CKV_AZURE_204;CKV_AZURE_59;CKV_AZURE_59,2023-02-20 15:37:51.279507
joaovictorino/terraform-docker-spring,3,5,CKV_AZURE_28;CKV_AZURE_54;CKV_AZURE_11,CKV_AZURE_137;CKV_AZURE_139;CKV_AZURE_53;CKV_AZURE_96;CKV2_AZURE_16,2023-02-20 15:38:04.309015
DevOps-Team-Ca/CI-CD-Team-Project-Jenkins-Azure-Pipeline-GithubActions,4,5,CKV_AZURE_15;CKV_AZURE_81;CKV_AZURE_83;CKV_AZURE_82,CKV_AZURE_137;CKV_AZURE_139;CKV_AZURE_14;CKV_AZURE_80;CKV_AZURE_18,2023-02-20 15:38:09.477227
qbeyond/terraform-azurerm-azure-bastion,33,3,CKV_AZURE_77;CKV_AZURE_160;CKV_AZURE_9;CKV_AZURE_77;CKV_AZURE_10;CKV_AZURE_160;CKV_AZURE_9;CKV_AZURE_77;CKV_AZURE_10;CKV_AZURE_160;CKV_AZURE_9;CKV_AZURE_77;CKV_AZURE_10;CKV_AZURE_160;CKV_AZURE_9;CKV_AZURE_77;CKV_AZURE_10;CKV_AZURE_160;CKV_AZURE_9;CKV_AZURE_77;CKV_AZURE_10;CKV_AZURE_160;CKV_AZURE_9;CKV_AZURE_77;CKV_AZURE_10;CKV_AZURE_160;CKV_AZURE_9;CKV_AZURE_77;CKV_AZURE_10;CKV_AZURE_160;CKV_AZURE_9;CKV_AZURE_77;CKV_AZURE_10,CKV_AZURE_160;CKV_AZURE_9;CKV_AZURE_10,2023-02-20 15:38:34.165220
equinor/terraform-azurerm-sql,6,5,CKV_AZURE_44;CKV_AZURE_3;CKV_AZURE_33;CKV_AZURE_52;CKV_AZURE_34;CKV2_AZURE_8,CKV_AZURE_59;CKV_AZURE_113;CKV2_AZURE_1;CKV2_AZURE_18;CKV2_AZURE_21,2023-02-20 15:38:39.507147
sap-linuxlab/terraform.modules_for_sap,251,15,CKV_AZURE_160;CKV_AZURE_9;CKV_AZURE_77;CKV_AZURE_160;CKV_AZURE_9;CKV_AZURE_77;CKV_AZURE_10;CKV_AZURE_160;CKV_AZURE_9;CKV_AZURE_77;CKV_AZURE_10;CKV_AZURE_160;CKV_AZURE_9;CKV_AZURE_77;CKV_AZURE_118;CKV_AZURE_118;CKV_AZURE_1;CKV_AZURE_178;CKV_AZURE_160;CKV_AZURE_9;CKV_AZURE_77;CKV_AZURE_10;CKV_AZURE_160;CKV_AZURE_9;CKV_AZURE_77;CKV_AZURE_10;CKV_AZURE_160;CKV_AZURE_9;CKV_AZURE_77;CKV_AZURE_10;CKV_AZURE_160;CKV_AZURE_9;CKV_AZURE_77;CKV_AZURE_10;CKV_AZURE_160;CKV_AZURE_9;CKV_AZURE_77;CKV_AZURE_10;CKV_AZURE_160;CKV_AZURE_9;CKV_AZURE_77;CKV_AZURE_10;CKV_AZURE_160;CKV_AZURE_9;CKV_AZURE_77;CKV_AZURE_10;CKV_AZURE_160;CKV_AZURE_9;CKV_AZURE_77;CKV_AZURE_10;CKV_AZURE_160;CKV_AZURE_9;CKV_AZURE_77;CKV_AZURE_10;CKV_AZURE_160;CKV_AZURE_9;CKV_AZURE_77;CKV_AZURE_10;CKV_AZURE_160;CKV_AZURE_9;CKV_AZURE_77;CKV_AZURE_10;CKV_AZURE_160;CKV_AZURE_9;CKV_AZURE_77;CKV_AZURE_10;CKV_AZURE_160;CKV_AZURE_9;CKV_AZURE_77;CKV_AZURE_10;CKV_AZURE_160;CKV_AZURE_9;CKV_AZURE_77;CKV_AZURE_10;CKV_AZURE_160;CKV_AZURE_9;CKV_AZURE_77;CKV_AZURE_10;CKV_AZURE_160;CKV_AZURE_9;CKV_AZURE_77;CKV_AZURE_10;CKV_AZURE_160;CKV_AZURE_9;CKV_AZURE_77;CKV_AZURE_10;CKV_AZURE_160;CKV_AZURE_9;CKV_AZURE_77;CKV_AZURE_10;CKV_AZURE_160;CKV_AZURE_9;CKV_AZURE_77;CKV_AZURE_10;CKV_AZURE_160;CKV_AZURE_9;CKV_AZURE_77;CKV_AZURE_10;CKV_AZURE_160;CKV_AZURE_9;CKV_AZURE_77;CKV_AZURE_10;CKV_AZURE_160;CKV_AZURE_9;CKV_AZURE_77;CKV_AZURE_10;CKV_AZURE_160;CKV_AZURE_9;CKV_AZURE_77;CKV_AZURE_10;CKV_AZURE_160;CKV_AZURE_9;CKV_AZURE_77;CKV_AZURE_10;CKV_AZURE_160;CKV_AZURE_9;CKV_AZURE_77;CKV_AZURE_10;CKV_AZURE_160;CKV_AZURE_9;CKV_AZURE_77;CKV_AZURE_10;CKV_AZURE_160;CKV_AZURE_9;CKV_AZURE_77;CKV_AZURE_10;CKV_AZURE_160;CKV_AZURE_9;CKV_AZURE_77;CKV_AZURE_10;CKV_AZURE_160;CKV_AZURE_9;CKV_AZURE_77;CKV_AZURE_10;CKV_AZURE_160;CKV_AZURE_9;CKV_AZURE_77;CKV_AZURE_10;CKV_AZURE_160;CKV_AZURE_9;CKV_AZURE_77;CKV_AZURE_10;CKV_AZURE_160;CKV_AZURE_9;CKV_AZURE_77;CKV_AZURE_10;CKV_AZURE_160;CKV_AZURE_9;CKV_AZURE_77;CKV_AZURE_10;CKV_AZURE_160;CKV_AZURE_9;CKV_AZURE_77;CKV_AZURE_10;CKV_AZURE_160;CKV_AZURE_9;CKV_AZURE_77;CKV_AZURE_10;CKV_AZURE_160;CKV_AZURE_9;CKV_AZURE_77;CKV_AZURE_10;CKV_AZURE_160;CKV_AZURE_9;CKV_AZURE_77;CKV_AZURE_10;CKV_AZURE_160;CKV_AZURE_9;CKV_AZURE_77;CKV_AZURE_10;CKV_AZURE_160;CKV_AZURE_9;CKV_AZURE_77;CKV_AZURE_10;CKV_AZURE_160;CKV_AZURE_9;CKV_AZURE_77;CKV_AZURE_10;CKV_AZURE_160;CKV_AZURE_9;CKV_AZURE_77;CKV_AZURE_10;CKV_AZURE_160;CKV_AZURE_9;CKV_AZURE_77;CKV_AZURE_10;CKV_AZURE_160;CKV_AZURE_9;CKV_AZURE_77;CKV_AZURE_10;CKV_AZURE_160;CKV_AZURE_9;CKV_AZURE_77;CKV_AZURE_10;CKV_AZURE_160;CKV_AZURE_9;CKV_AZURE_77;CKV_AZURE_10;CKV_AZURE_160;CKV_AZURE_9;CKV_AZURE_77;CKV_AZURE_10;CKV_AZURE_160;CKV_AZURE_9;CKV_AZURE_77;CKV_AZURE_10;CKV_AZURE_160;CKV_AZURE_9;CKV_AZURE_77;CKV_AZURE_10;CKV_AZURE_160;CKV_AZURE_9;CKV_AZURE_77;CKV_AZURE_10;CKV_AZURE_160;CKV_AZURE_9;CKV_AZURE_77;CKV_AZURE_10;CKV_AZURE_160;CKV_AZURE_9;CKV_AZURE_77;CKV_AZURE_10;CKV_AZURE_160;CKV_AZURE_9;CKV_AZURE_77;CKV_AZURE_10;CKV_AZURE_160;CKV_AZURE_9;CKV_AZURE_77;CKV_AZURE_10;CKV_AZURE_160;CKV_AZURE_9;CKV_AZURE_77;CKV_AZURE_10;CKV_AZURE_160;CKV_AZURE_9;CKV_AZURE_77;CKV_AZURE_10;CKV_AZURE_160;CKV_AZURE_9;CKV_AZURE_77;CKV_AZURE_10;CKV_AZURE_2;CKV_AZURE_2;CKV_AZURE_2;CKV_AZURE_2;CKV_AZURE_2;CKV_AZURE_2;CKV_AZURE_2;CKV_AZURE_2;CKV_AZURE_119,CKV_AZURE_10;CKV_AZURE_160;CKV_AZURE_9;CKV_AZURE_77;CKV_AZURE_10;CKV_AZURE_10;CKV_AZURE_93;CKV_AZURE_93;CKV_AZURE_93;CKV_AZURE_93;CKV_AZURE_93;CKV_AZURE_93;CKV_AZURE_93;CKV_AZURE_93;CKV_AZURE_119,2023-02-20 15:38:57.349773
zakarel/Azure-terraform-templates,8,8,CKV_AZURE_160;CKV_AZURE_9;CKV_AZURE_77;CKV_AZURE_118;CKV_AZURE_3;CKV_AZURE_1;CKV_AZURE_178;CKV_AZURE_119,CKV_AZURE_118;CKV_AZURE_10;CKV_AZURE_59;CKV_AZURE_44;CKV_AZURE_33;CKV2_AZURE_1;CKV_AZURE_119;CKV2_AZURE_18,2023-02-20 15:39:02.714149
LOLRedPanda/app-core,6,9,CKV_AZURE_137;CKV_AZURE_15;CKV_AZURE_14;CKV_AZURE_15;CKV_AZURE_14;CKV_AZURE_3,CKV_AZURE_139;CKV_AZURE_101;CKV_AZURE_18;CKV_AZURE_18;CKV_AZURE_59;CKV_AZURE_44;CKV_AZURE_33;CKV2_AZURE_1;CKV2_AZURE_18,2023-02-20 15:39:13.184341
dawlysd/azure-application-gateway-microhack,6,7,CKV_AZURE_118;CKV_AZURE_118;CKV_AZURE_118;CKV_AZURE_119;CKV_AZURE_119;CKV_AZURE_119,CKV_AZURE_1;CKV_AZURE_178;CKV_AZURE_1;CKV_AZURE_178;CKV_AZURE_1;CKV_AZURE_178;CKV_AZURE_120,2023-02-20 15:39:18.988101
FdelMazo/7573-Arqui,11,6,CKV_AZURE_118;CKV_AZURE_1;CKV_AZURE_178;CKV_AZURE_160;CKV_AZURE_9;CKV_AZURE_77;CKV_AZURE_178;CKV_AZURE_118;CKV_AZURE_1;CKV_AZURE_178;CKV_AZURE_119,CKV_AZURE_10;CKV_AZURE_97;CKV_AZURE_49;CKV_AZURE_148;CKV_AZURE_89;CKV_AZURE_119,2023-02-20 15:39:32.478186
tjsullivan1/tjs-scripts,11,27,CKV_AZURE_118;CKV_AZURE_1;CKV_AZURE_178;CKV_AZURE_3;CKV_AZURE_118;CKV_AZURE_1;CKV_AZURE_178;CKV_AZURE_3;CKV_AZURE_3;CKV_AZURE_3;CKV_AZURE_3,CKV_AZURE_59;CKV_AZURE_44;CKV_AZURE_33;CKV_AZURE_59;CKV_AZURE_44;CKV_AZURE_33;CKV_AZURE_59;CKV_AZURE_44;CKV_AZURE_33;CKV_AZURE_59;CKV_AZURE_44;CKV_AZURE_33;CKV_AZURE_59;CKV_AZURE_44;CKV_AZURE_33;CKV2_AZURE_1;CKV2_AZURE_1;CKV2_AZURE_1;CKV2_AZURE_1;CKV2_AZURE_1;CKV_AZURE_119;CKV_AZURE_119;CKV2_AZURE_18;CKV2_AZURE_18;CKV2_AZURE_18;CKV2_AZURE_18;CKV2_AZURE_18,2023-02-20 15:39:38.892359
tuananh281/devops-project,8,10,CKV_AZURE_77;CKV_AZURE_3;CKV_AZURE_118;CKV_AZURE_1;CKV_AZURE_178;CKV_AZURE_118;CKV_AZURE_1;CKV_AZURE_178,CKV_AZURE_160;CKV_AZURE_9;CKV_AZURE_10;CKV_AZURE_59;CKV_AZURE_44;CKV_AZURE_33;CKV2_AZURE_1;CKV_AZURE_119;CKV_AZURE_119;CKV2_AZURE_18,2023-02-20 15:39:44.871412
FrenchBarbusCorp/Workshop-Azure-Container-Apps,1,5,CKV_AZURE_3,CKV_AZURE_59;CKV_AZURE_44;CKV_AZURE_33;CKV2_AZURE_1;CKV2_AZURE_18,2023-02-20 15:39:54.476989
leancodepl/terraform-kubernetes-cluster,1,3,CKV_AZURE_143,CKV_AZURE_117;CKV_AZURE_4;CKV_AZURE_141,2023-02-20 15:40:00.003928
Sumit016/Cloud_Tasks,17,7,CKV_AZURE_118;CKV_AZURE_45;CKV_AZURE_118;CKV_AZURE_45;CKV_AZURE_9;CKV_AZURE_77;CKV_AZURE_160;CKV_AZURE_9;CKV_AZURE_77;CKV_AZURE_10;CKV_AZURE_160;CKV_AZURE_9;CKV_AZURE_77;CKV_AZURE_10;CKV_AZURE_119;CKV2_AZURE_14;CKV2_AZURE_14,CKV_AZURE_1;CKV_AZURE_1;CKV_AZURE_113;CKV_AZURE_52;CKV_AZURE_160;CKV_AZURE_10;CKV_AZURE_119,2023-02-20 15:40:05.952639
raedrizk/ansible-terraform-demos,4,4,CKV_AZURE_160;CKV_AZURE_9;CKV_AZURE_77;CKV_AZURE_118,CKV_AZURE_10;CKV_AZURE_1;CKV_AZURE_178;CKV_AZURE_119,2023-02-20 15:40:11.333419
bobbyabuchi/devops,4,1,CKV_AZURE_45;CKV_AZURE_118;CKV_AZURE_119;CKV2_AZURE_14,CKV_AZURE_1,2023-02-20 15:40:16.123260
keithpatton/aks-sample,2,6,CKV_AZURE_137;CKV_AZURE_143,CKV_AZURE_139;CKV_AZURE_117;CKV_AZURE_4;CKV_AZURE_141;CKV_AZURE_113;CKV_AZURE_52,2023-02-20 15:40:23.306254
antjpcdrogas/chatGPTVoiceDiscBot,4,1,CKV_AZURE_118;CKV_AZURE_45;CKV_AZURE_119;CKV2_AZURE_14,CKV_AZURE_1,2023-02-20 15:40:28.083272
